SUBJECT_ID,SUBJECT_NAME,PROFFESOR
ELC204-00,Critical Reading and Writing 2,Todd Christopher Mcgowan
ELC204-01,Critical Reading and Writing 2,Todd Christopher Mcgowan
ELC203-00,Speech and Discussion 2,Peggy Cho
ELC203-01,Speech and Discussion 2,Peggy Cho
ELC202-00,문화연구입문,심효원
ELC201-00,영문학입문,김상욱
ELC205-00,영어학입문,윤재학
ELC205-01,영어학입문,이한규
ELC103-00,Critical Reading and Writing 1,Todd Christopher Mcgowan
ELC103-01,Critical Reading and Writing 1,Todd Christopher Mcgowan
ELC104-00,Speech and Discussion 1,Todd Christopher Mcgowan
ELC104-01,Speech and Discussion 1,Peggy Cho
ELC481-00,비즈니스커뮤니케이션2,Peggy Cho
ELC311-00,언어와사회,이한규
ELC106-00,미국역사와문화,신명아
ELC381-00,비즈니스커뮤니케이션1,최종갑
ELC101-00,실용영문법,강희연
ELC105-00,영국역사와문화,김상욱
ELC337-00,SF와판타지,신명아
ELC238-00,미국소설,신명아
ELC410-00,어문프로젝트(캡스톤디자인),이상민
ELC344-00,영미드라마,전선재
ELC374-00,영어교육과정과평가,강희연
ELC302-00,영어학에세이,이민상
ELC471-00,테크놀로지와디지털콘텐츠,이상민
ELC301-00,현대영문법,윤재학
EDU3121-G00,교과교육론(영어),성기완
KO1403-00,담화와문법,이건희
KO1402-00,담화와어휘,임우열
KO3106-00,외국어습득론,남주연
KO4201-00,한국대중문화,이철주
KO3202-00,한국문화교육론,이선이
KO1202-00,한국민속문화,이경민
KO4105-00,한국어교육실습,성아영
KO3102-00,한국어담화교육론,김정남
KO3103-00,한국어말하기쓰기교육법,남주연
KO2104-00,한국어문법교육론,박동호
KO2105-00,한국어어휘교육론,이선웅
KO1102-00,한국어학개론,이선웅
KO2102-00,한국어형태음운론,김정남
KO4304-00,한국언어문화캡스톤디자인,이선웅
KO2501-00,한국영화읽기,이철주
KO2201-00,한국전통문화,이경민
KO1101-00,언어의이해,임우열
JP251-00,일본근현대문학의흐름,손지연
JP231-00,일본어학의이해,오미선
JP374-00,일본대중문화론,김태경
JP475-00,일본문학과영화,손지연
JP273-00,일본애니메이션론,김태경
JP113-00,일본어강독1,이재훈
JP113-01,일본어강독1,이해미
JP481-00,일본어대조연구도가사키 ,유이치
JP411-00,일본어문서작성,송경주
JP331-00,일본어어휘연습,장윤아
JP213-00,일본어작문1하타나,카아이
JP233-00,일본어표현문법도가사키 ,유이치
JP476-00,일본역사와사상,Teshima Takahiro
JP272-00,일본현대사회와문화,이재훈
JP211-00,중급일본어회화1,NISHINO ERIKO
JP211-02,중급일본어회화1,KITAUCHI DAITO
JP111-00,초급일본어회화1,KITAUCHI DAITO
JP111-01,초급일본어회화1,하타나카아이
JP111-02,초급일본어회화1,NISHINO ERIKO
JP378-00,캡스톤디자인_일본문화컨텐츠제작,이창수
JP380-00,한일문학번역과출판이론의실제,손지연
JP313-00,한일통번역연습,이해미
JP232-00,일본어와한자,Teshima Takahiro
JP271-00,일본역사와문화,이창수
EDU3359-G00,교과교수법(외국어),노희진
EDU3193-G00,교과교육론(일본어),Teshima Takahiro
CHI419-00,중국어의사소통의이해,박찬욱
CHI201-00,중국언어의이해,배재석
CHI201-01,중국언어의이해,신근영
CHI312-00,중국중근세문학사,민관동
CHI303-00,고급중국어회화1,WANG SIYU
CHI303-01,고급중국어회화1,LIANG YAOZHONG
CHI420-00,응용중국어,신근영
CHI409-00,중국고전산문강독,노상균
CHI315-00,중국고전시가강독,노상균
CHI209-00,중국근현대사,주재우
CHI107-00,중국문화의이해,이수연
CHI107-01,중국문화의이해,김승현
CHI314-00,중국시사강론,주재우
CHI302-00,중국어문법2,박찬욱
CHI415-00,중국현대문학감상,이수연
CHI211-00,중급중국어강독,문병순
CHI203-00,중급중국어회화1,WANG SIYU
CHI203-01,중급중국어회화1,LIANG YAOZHONG
CHI103-00,초급중국어회화1,김희성
CHI103-01,초급중국어회화1,김승현
CHI103-02,초급중국어회화1,배우정
CHI417-00,학술논문캡스톤디자인(중국어)1,박찬욱
CHI101-00,한문강독,문병순
CHI105-00,한자와한자어,문병순
CHI105-01,한자와한자어,문병순
EDU3195-G00,교과교육론(중국어),배재석
RU3101-00,러시아어회화5,Budnikova Galina Aleksandrovna
RU3101-01,러시아어회화5,Brichenkova Elena
RU2202-00,러시아문학과사회,안지영
RU3202-00,러시아문학과영화,안병용
RU2201-00,러시아문학의이해,윤우섭
RU4102-00,러시아미디어읽기,한현희
RU1103-00,러시아어1,안지영
RU1103-01,러시아어1,안병용
RU1103-02,러시아어1,윤우섭
RU2103-00,러시아어문법1,Budnikova Galina Aleksandrovna
RU2304-00,러시아어문화읽기,안병용
RU1101-00,러시아어회화1,Budnikova Galina Aleksandrovna
RU1101-01,러시아어회화1,Brichenkova Elena
RU1101-02,러시아어회화1,Brichenkova Elena
RU2101-00,러시아어회화3,Budnikova Galina Aleksandrovna
RU2101-01,러시아어회화3,Brichenkova Elena
RU1301-00,러시아학입문,권세은
RU4402-00,캡스톤디자인(러시아연구),권세은
RU3304-00,한국과러시아,권세은
RU4104-00,한러통번역연습,한현희
RU3301-00,현대러시아의이해,권세은
ESP328-00,라틴아메리카소설,황수현
ESP319-00,스페인어학개론,임효상
ESP334-00,라티노문화와정체성,박정원
ESP318-00,라틴아메리카역사와문화2,송영복
ESP222-00,스페인문학개론,권미선
ESP101-00,스페인어A1문법,박정원
ESP101-01,스페인어A1문법,권미선
ESP105-00,스페인어A1회화,"김보영, Armando Daniel Bazan"
ESP105-01,스페인어A1회화,"김보영, Armando Daniel Bazan"
ESP105-02,스페인어A1회화,"김보영, Armando Daniel Bazan"
ESP207-00,스페인어B1-A회화,Merce Mundet Tarrago
ESP207-01,스페인어B1-A회화,Merce Mundet Tarrago
ESP207-02,스페인어B1-A회화,Merce Mundet Tarrago
ESP203-00,스페인어B1문법,정원석
ESP309-00,스페인어B2-A회화,Merce Mundet Tarrago
ESP309-01,스페인어B2-A회화,Merce Mundet Tarrago
ESP309-02,스페인어B2-A회화,Armando Daniel Bazan
ESP213-00,스페인어Lab1,권미선
ESP239-00,스페인어산문강독,김보영
ESP324-00,스페인어시와에세이,황수현
ESP333-00,스페인어작문,정원석
ESP438-00,캡스톤디자인히스패닉세계연구,송영복
ESP431-00,통상무역스페인어,임보영
ESP118-00,스페인역사와문화,김선욱
EDU3357-G00,교과교육론(외국어),송예림
FR3011-00,고급프랑스어회화,BAILLY Manuel
FR3011-01,고급프랑스어회화,Cynthia Rollin
FR2011-00,중급프랑스어1,조은경
FR2011-01,중급프랑스어1,홍명희
FR3016-00,DELF2(B1),이재욱
FR4015-00,미디어프랑스어,이재욱
FR2013-00,중급프랑스어회화1,BAILLY Manuel
FR2013-01,중급프랑스어회화1,Cynthia Rollin
FR1011-00,초급프랑스어1,김기국
FR1011-01,초급프랑스어1,오정숙
FR1013-00,초급프랑스어회화1,BAILLY Manuel
FR1013-01,초급프랑스어회화1,Cynthia Rollin
FR1013-02,초급프랑스어회화1,BAILLY Manuel
FR3041-00,프랑스공연예술,오정숙
FR2022-00,프랑스동화읽기,이경래
FR2024-00,프랑스문학의이해,홍명희
FR4024-00,프랑스문학특강,홍명희
FR4041-00,프랑스문화콘텐츠,김기국
FR4301-00,프랑스문화탐구캡스톤디자인,홍명희
FR3015-00,프랑스어글쓰기,이재욱
FR2032-00,프랑스어발음의이해,선효숙
FR3034-00,프랑스언어와커뮤니케이션,선효숙
FR2041-00,프랑코포니사회와문화,홍명희
EDU3198-G00,교과교재연구및지도법(프랑스어),오정숙
ELC343-00,논픽션내러티브,정혜진
ELC462-00,문화소통과문화번역,조성란
ELC464-00,문화특강,이명호
ELC411-00,문화프로젝트(캡스톤디자인),정혜진
ELC253-00,세계화와다문화주의,심효원
ELC257-00,아동문화캐릭터,조성란
ELC356-00,영미뮤지컬,최보람
ELC359-00,영상문화와기술,정혜진
ELC251-00,캐릭터의이해,Jason Barker
ENV385-00,대기오염공정실험및설계,김동술
ENV385-01,대기오염공정실험및설계,김동술
ENV488-01,신재생에너지실험및설계,황선진
ENV488-02,신재생에너지실험및설계,민부기
ENV487-00,졸업논문(환경학및환경공학전공),장광현
ENV485-00,환경논문연구,오종민
ENV418-00,환경종합설계,유창규
ENV387-01,기후변화생태학실험실습,유가영
ENV390-00,물리화학적수처리,민부기
ENV281-00,수질오염학,정경진
ENV391-00,에어로졸제어,김동술
ENV315-00,하천환경복원설계,정경진
ENV491-01,화학물질안전관리정책,여민경
ENV379-00,환경기기분석,유창규
ENV357-00,환경독성학,여민경
ENV212-01,환경설계기초,황선진
ENV276-00,환경양론,조영민
ENV461-00,환경영향평가,조영민
ENV389-00,환경통계분석실습,장광현
ENV274-00,공학프로그래밍입문,장광현
AE473-00,건축공학응용설계,한충희
AE473-01,건축공학응용설계,이준복
AE473-02,건축공학응용설계,이영학
AE473-03,건축공학응용설계,윤근영
AE351-00,건축구조해석,이영학
AE351-01,건축구조해석,이영학
AE371-00,건축설비I,김곤
AE331-00,건축시공및재료I,김선국
AE211-00,기초건축공학설계,민준기
AE211-03,기초건축공학설계,정인영
AE401-00,졸업논문(건축공학전공),김곤
AE451-01,강구조설계,김대진
AE201-00,건축BIM,최창훈
AE431-00,건축공법,이규성
AE103-00,건축공학개론,이준복
AE101-00,건축공학프로그래밍,연문숙
AE271-00,건축환경계획I,김곤
AE271-01,건축환경계획I,윤근영
AE302-00,연구연수활동1(건축공학),김곤
AE251-00,재료역학1,김희철
AE251-01,재료역학1,김희철
AE251-02,재료역학1,박성용
AE352-00,철근콘크리트설계II,홍원기
AE372-00,친환경건축설계,정인영
AE202-00,공학수학1,김대진
AE231-00,사업관리기초,이준복
AE112-00,정역학,홍원기
ME211-01,그래픽및공학설계,장승호
ME211-02,그래픽및공학설계,김윤혁
ME211-03,그래픽및공학설계,김윤혁
ME211-04,그래픽및공학설계,김성수
ME379-01,기계공학윤강,임성수
ME231-01,열역학,홍희기
ME231-02,열역학,구준모
ME231-03,열역학,남영석
ME231-04,열역학,이충엽
ME251-01,재료역학,이경엽
ME251-02,재료역학,최덕현
ME251-03,재료역학,정인화
ME251-04,재료역학,허윤정
ME401-00,졸업논문(기계공학전공),김형진
ME321-01,기계공작법,유송민
ME321-02,기계공작법,유송민
ME314-01,기계공학실험,홍희기
ME314-02,기계공학실험,정인화
ME479-01,기계공학종합설계1,허윤정
ME479-02,기계공학종합설계1,김진균
ME479-03,기계공학종합설계1,최동휘
ME479-04,기계공학종합설계1,김두호
ME312-01,기계요소설계,이원구
ME312-02,기계요소설계,최동휘
ME371-01,기계진동,장승호
ME371-02,기계진동,이원구
ME371-03,기계진동,정인화
ME371-04,기계진동,최명진
ME382-01,독립심화학습1(기계공학과),남영석
ME475-01,로봇공학,임성수
ME375-01,메카트로닉스,이순걸
ME301-01,수치해석,최진환
ME301-02,수치해석,이병찬
ME380-01,시스템동역학,최진환
ME380-02,시스템동역학,김진균
ME305-01,실험통계학,"홍희기, 김철"
ME305-02,실험통계학,"구준모, 이병찬"
ME315-01,연구연수활동1(기계공학),김형진
ME431-01,연소와환경,전흥신
ME331-01,열전달,김창영
ME331-02,열전달,구준모
ME331-03,열전달,남영석
ME331-04,열전달,이충엽
ME435-01,유체유동시스템,김형진
ME335-01,응용유체역학,김창영
ME335-02,응용유체역학,정신규
ME252-01,응용재료역학,이경엽
ME252-02,응용재료역학,이경엽
ME351-01,재료과학,권영하
ME351-02,재료과학,최덕현
ME275-01,전기전자회,로김철
ME275-02,전기전자회,로김철
ME477-01,전산역학,"구준모, 김형진, 김진균"
ME202-01,공학수학2,김창영
ME202-02,공학수학2,이원구
ME202-03,공학수학2,최동휘
ME202-04,공학수학2,김창영
ME205-01,공학프로그래밍입문,정신규
ME205-02,공학프로그래밍입문,허윤정
ME205-03,공학프로그래밍입문,김두호
CE377-01,구조역학,주부석
CE377-02,구조역학,주부석
CE275-01,유체역학,강두선
CE275-02,유체역학,강두선
CE400-00,졸업논문(사회기반시스템공학),강두선
CE378-01,철근콘크리트공학,안주옥
CE378-02,철근콘크리트공학,안주옥
CE351-01,토목계획및관리,이석근
CE351-02,토목계획및관리,이석근
CE474-00,강구조공학,주부석
CE475-00,도로공학,신용석
CE476-00,사면과토류구조물,추현욱
CE485-01,사회기반시스템디자인1,"정원석, 주부석"
CE485-02,사회기반시스템디자인1,"강두선, 오승대"
CE485-03,사회기반시스템디자인1,"김성민, 정영훈, 추현욱"
CE473-00,수자원시스템공학,강두선
CE273-00,수치해석및실습,이도훈
CE301-01,연구연수활동1(사회기반시스템공학),강두선
CE375-01,응용수리학및실험,이도훈
CE379-00,응용토질역학및실험,정영훈
CE277-01,재료역학및실험,김성민
CE277-02,재료역학및실험,김성민
CE251-01,측량학및실습,주현승
CE472-01,환경플랜트공학,오승대
CE202-01,공학통계학,오승대
CE202-02,공학통계학,오승대
CE100-00,공학프로그래밍입문,이도훈
CHE332-01,반응공학,유태경
CHE332-02,반응공학,유태경
CHE433-00,졸업논문(화학공학),서태석
CHE232-01,화공기초실험및설계,이용택
CHE232-02,화공기초실험및설계,오진영
CHE232-03,화공기초실험및설계,유승훈
CHE232-04,화공기초실험및설계,이창우
CHE232-05,화공기초실험및설계,서태석
CHE331-01,화공열역학I,김성수
CHE331-02,화공열역학I,김성수
CHE431-01,화학공학실험및설계,김성수
CHE431-02,화학공학실험및설계,박범준
CHE431-03,화학공학실험및설계,이범석
CHE431-04,화학공학실험및설계,김진수
CHE431-05,화학공학실험및설계,박범준
CHE355-00,고분자화학,유승훈
CHE453-00,공정설계,원왕연
CHE453-01,공정설계,원왕연
CHE257-01,공학프로그래밍입문,김현기
CHE257-02,공학프로그래밍입문,김현기
CHE477-00,반도체공정,백상현
CHE252-01,분석화학,박종욱
CHE252-02,분석화학,박종욱
CHE351-01,생물공학개론,이은열
CHE351-02,생물공학개론,이은열
CHE452-00,생물화학공학,이은열
CHE353-01,열및물질전달,김진수
CHE353-02,열및물질전달,이창우
CHE251-01,유기화학,유승훈
CHE251-02,유기화학,백상현
CHE363-00,이동현상,박범준
CHE456-00,전지기술,이용택
CHE231-01,화공양론,오진영
CHE231-02,화공양론,오진영
CHE354-00,화학공학프로젝트1,이용택
CHE132-01,화학공학입문,서태석
CHE132-02,화학공학입문,서태석
AR271-00,건축구조의이해,정행철
AR491-00,건축법규,김현우
AR211-01,건축설계1,정재헌
AR211-02,건축설계1,조대희
AR211-03,건축설계,1문희
AR211-04,건축설계1,김경재
AR211-05,건축설계1,전재우
AR311-01,건축설계3,이관석
AR311-02,건축설계3,석상용
AR311-03,건축설계3,김조윤
AR311-04,건축설계3,정수진
AR411-01,건축설계5,김관수
AR411-02,건축설계5,이은석
AR411-03,건축설계5,김도한
AR411-04,건축설계5,민세홍
AR511-01,건축설계,7이석
AR511-02,건축설계7,김찬중
AR511-03,건축설계7,이두열
AR511-04,건축설계7,최여진
AR371-00,건축설비,민준기
AR431-01,디지털건축통합시스템,김인한
AR431-02,디지털건축통합시스템,강주석
AR251-00,서양건축사I,진경돈
AR501-00,졸업논문(건축학),천장환
AR455-00,한국건축사,이수연
AR351-00,현대건축사,이관석
AR353-00,건축조형론,조장은
AR352-00,단지계획,용승찬
AR302-00,연구연수활동1(건축학),김관수
AR452-00,주거론,정재헌
AR161-01,건축디지털디자인기초,이영석
AR161-02,건축디지털디자인기초,석상용
AR151-00,건축학개론,김종헌
AR111-01,설계기초1,천장환
AR111-02,설계기초1,김종헌
AR111-03,설계기초1,임권웅
AR111-04,설계기초1,심경주
AR111-05,설계기초1,안창우
AR112-01,표현기법1,이경애
AR112-02,표현기법1,최정미
AR112-03,표현기법1,진시영
AR112-04,표현기법1,정경미
IE301-00,경영과학1,박명주
IE301-01,경영과학1,박명주
IE400-00,졸업논문(산업경영공학),신정우
IE423-01,창의적종합설계1(산업경영공학),박명주
IE423-03,창의적종합설계1(산업경영공학),반상우
IE410-00,CAD CAM,엄주명
IE315-00,SCM,박양병
IE315-01,SCM,박양병
IE324-01,경영전략론,김상국
IE201-00,경제성공학,김장호
IE414-00,금융공학,김장호
IE415-00,기술사업화,신정우
IE306-00,데이터마이닝,진창호
IE306-01,데이터마이닝,진창호
IE103-00,산업경영공학의이해,반상우
IE419-00,서비스데이터사이언스,진창호
IE411-00,연구연수활동1(산업경영공학),신정우
IE308-00,인간공학,반상우
IE214-00,제품개발및제조시스템,엄주명
IE407-00,컴퓨터시뮬레이션,송병덕
IE203-00,공학수학1,신정우
IE203-01,공학수학1,신정우
IE207-00,실험통계학,이효성
IE207-01,실험통계학,이효성
AMIE251-00,물리화학,김홍두
AMIE396-01,신소재합성및실험,"정재웅, 정선호"
AMIE396-02,신소재합성및실험,"정재웅, 정선호"
AMIE396-03,신소재합성및실험,"정재웅, 정선호"
AMIE396-04,신소재합성및실험,"정재웅, 정선호"
AMIE261-00,유기화학,정재웅
AMIE220-01,재료과학,윤성민
AMIE220-02,재료과학,윤성민
AMIE400-00,졸업논문(정보전자신소재공학),전우진
AMIE394-01,중급신소재및실험,김홍두
AMIE394-02,중급신소재및실험,김홍두
AMIE394-03,중급신소재및실험,김홍두
AMIE394-04,중급신소재및실험,김홍두
AMIE352-00,결정구조학,박민식
AMIE461-00,고분자공학,이제욱
AMIE361-00,고분자화학,유재웅
AMIE471-00,고체물리,정선호
AMIE321-00,디스플레이재료,최석원
AMIE331-01,반도체재료,강성준
AMIE331-02,반도체재료,강성준
AMIE441-00,에너지소재,유재웅
AMIE271-00,응용물리,송기국
AMIE371-00,전자기학,강성준
AMIE431-00,정보저장소재,윤성민
AMIE475-00,정보전자신소재종합설계1,박민식
AMIE202-01,공학수학1,최석원
AMIE202-02,공학수학1,최석원
AMIE201-00,공학프로그래밍입문,전우진
NE441-00,방사성폐기물관리,정재학
NE351-00,보건물리,김광표
NE359-00,수치해석,장근옥
NE311-00,원자로이론I,김명현
NE201-00,원자및핵물리,김광표
NE402-00,졸업논문(원자력공학전공),김형대
NE203-00,핵공학개론I,정범진
NE354-00,고체역학,장윤석
NE412-00,노심안전공학,김명현
NE413-00,로심설계,주형국
NE303-00,연구연수활동1(원자력공학),김형대
NE221-00,열역학,장근옥
NE321-00,열전달,정범진
NE361-00,원자력규제및법령,정재학
NE443-00,원자로재료및실험,장윤석
NE202-00,핵공학기초실험,박광헌
NE202-01,핵공학기초실험,박광헌
NE205-00,공학수학1,장근옥
NE103-00,공학통계학,김형대
EE212-00,Adventure Design,김동한
EE207-00,기초회로실험,장익준
EE207-01,기초회로실험,장익준
EE207-02,기초회로실험,윤상웅
EE207-03,기초회로실험,이승현
EE209-00,논리회로,정연모
EE209-01,논리회로,박광훈
EE209-02,논리회로,예윤해
EE209-03,논리회로,정연모
EE209-04,논리회로,유재수
EE209-05,논리회로,박광훈
EE203-00,물리전자,김대원
EE203-01,물리전자,이응규
EE210-00,신호와시스템,김영수
EE210-01,신호와시스템,김규헌
EE210-02,신호와시스템,손원
EE210-03,신호와시스템,김원하
EE201-00,전자기학I,김용평
EE201-01,전자기학I,이범선
EE201-02,전자기학I,이응규
EE201-03,전자기학I,이수열
EE201-04,전자기학I,김상혁
EE206-00,전자회로I,김창우
EE206-01,전자회로I,윤상웅
EE206-02,전자회로I,예윤해
EE206-03,전자회로I,홍상훈
EE486-00,졸업논문(전자공학전공),장익준
EE202-00,회로이론,김용평
EE202-01,회로이론,이종욱
EE202-02,회로이론,윤상웅
EE202-03,회로이론,김창우
EE202-04,회로이론,장익준
EE202-05,회로이,론강곤
EE343-00,DSP실,험손원
EE463-00,VLSI설계,장익준
EE421-00,광전자공학,유재수
EE342-00,디지털신호처,리손원
EE342-01,디지털신호처리,김원하
EE341-00,디지털통신,홍인기
EE341-01,디지털통신,신현동
EE341-02,디지털통신,이계산
EE361-00,디지털회로설계및언어,예윤해
EE361-01,디지털회로설계및언어,홍상훈
EE362-00,디지털회로실험,홍상훈
EE362-01,디지털회로실험,홍상훈
EE364-00,마이크로프로세서,김동한
EE443-00,무선데이타통신,이계산
EE321-00,반도체공학,유재수
EE321-01,반도체공학,이승현
EE321-02,반도체공학,김대원
EE496-00,반도체집적회로,이종욱
EE370-01,소프트웨어랩,서덕영
EE422-00,안테나공학,김상혁
EE444-00,영상신호처리,박영태
EE442-00,이동통신,홍인기
EE363-00,자동제어,김동한
EE324-00,전파통신실험,이종욱
EE213-00,객체지향프로그래밍및실습,서덕영
EE213-01,객체지향프로그래밍및실습,김규헌
EE211-00,확률및랜덤변수,송주빈
EE211-01,확률및랜덤변수,김윤희
EE211-02,확률및랜덤변수,이계산
EE211-03,확률및랜덤변수,김영수
EE211-04,확률및랜덤변수,신현동
EE211-05,확률및랜덤변수,김윤희
BME316-00,신경생리학,김태성
BME211-00,의공생명과학,박경모
BME203-00,전자기학,이수열
BME411-00,졸업논문(생체의공학),김태성
BME412-02,창의적종합설계(생체의공학),김태성
BME412-03,창의적종합설계(생체의공학),이상민
BME412-04,창의적종합설계(생체의공학),조민형
BME412-05,창의적종합설계(생체의공학),박경모
BME412-06,창의적종합설계(생체의공학),한승무
BME412-07,창의적종합설계(생체의공학),변경민
BME415-00,생체시스템제어,이상민
BME409-00,생체의공학특강1,한승무
BME406-00,신경공학,김태성
BME303-00,응용전자회로,변경민
BME304-00,응용전자회로실험,변경민
BME304-01,응용전자회로실험,변경민
BME416-00,의료기기법규와인증,한승무
BME403-00,의료영상시스템,이수열
BME305-00,컴퓨터구조및응용,조민형
BME204-00,공학수학2,이상민
BME213-00,기초프로그래밍,조민형
BME213-01,기초프로그래밍,조민형
BIO104-00,생물자원학,최근원
PAM330-00,식물신소재헤드스톤디자인,이찬희
PAM401-00,졸업논문(식물·환경신소재공학),이찬희
PAM332-00,바이오매스생명공학워크샵1,고재흥
PAM329-00,바이오매스와에너지과학기술,이정태
PAM215-00,바이오매스와에너지소재,이정태
PAM207-00,바이오매스형성학,고재흥
PAM311-00,바이오매스화학,김웅진
PAM408-00,바이오매스효소학,이찬희
PAM411-00,바이오소재캡스톤디자인1,이찬희
PAM208-00,식물세포생물학,이찬희
PAM320-00,연구연수활동1(식물·환경신소재공학),이찬희
HBT301-00,식물분자육종학및실험,박영두
HBT302-00,식물육종학,권춘탁
HBT401-00,졸업논문(원예생명공학),오창식
HBT209-00,식물병원미생물학,오창식
HBT202-00,식물생리학,엄석현
HBT206-00,식물영양학,엄석현
HBT310-00,연구연수활동1(원예생명공학),오창식
HBT325-00,원예산업응용론,오창식
HBT314-00,원예생명캡스톤디자인1,박영두
HBT406-00,원예장식및디자인,김대홍
HBT408-00,종자학,최근원
HBT329-00,화훼학,김대홍
EDU3186-G00,교과논리및논술(식물자원 조경),박영두
FSB231-00,생물유기화학,김해영
FSB381-00,식품생화학2,정종현
FSB391-00,식품화학I,김우기
FSB401-00,졸업논문(식품공학전공),김우기
FSB361-00,바이오기능성식품소재,김대옥
FSB351-02,식품가공학및실험1,백무열
FSB394-00,식품공학1,김병용
FSB271-00,식품나노과학개론,김영록
FSB241-00,식품미생물학Ⅰ및실험,박천석
FSB241-01,식품미생물학Ⅰ및실험,박천석
FSB441-00,식품생명공학,박천석
FSB402-00,식품생명공학캡스톤디자인1,김우기
FSB383-00,식품안전정책과법령,손문기
FSB471-00,식품영양학,김영록
FSB281-00,식품학개론,백무열
FSB304-00,연구연수활동1(식품공학),김우기
FD101-00,드로잉,장광집
FD101-01,드로잉,이하나
FD101-02,드로잉,박지영
FD101-03,드로잉,전희수
FD101-04,드로잉,이정은
FD101-05,드로잉,김경주
FD105-00,디지털디자인,김성호
FD105-01,디지털디자인,이혜은
FD105-02,디지털디자인,김숙현
FD105-03,디지털디자인,정경아
FD110-00,예술과디자인의이해,윤민희
FD110-01,예술과디자인의이해,주혜영
FD110-02,예술과디자인의이해,주혜영
FD111-00,입체디자인,심민섭
FD111-01,입체디자인,이진원
FD111-02,입체디자인,이진원
FD111-03,입체디자인,이혜리
FD111-04,입체디자인,김지은
FD103-00,평면디자인,김진영
FD103-01,평면디자인,신경철
FD103-02,평면디자인,정수경
FD103-03,평면디자인,김은정
FD109-00,현대미술사,윤민희
FD109-01,현대미술사,윤민희
CA2018-00,도자성형3,김호정
CA3017-00,도자제품브랜드1,방창현
CA4001-00,SeniorProject I-A,여화선
CA4001-01,SeniorProject I-A,여화선
CA4002-00,SeniorProject I-B,김승욱
CA4002-01,SeniorProject I-B,김승욱
CA3024-00,기초유리-Cold Working,이정원
CA2012-00,도자사,방창현
CA3022-00,도자융합스튜디오,맹욱재
CA2019-00,물레성형응용,정원배
CA2006-00,석고기법,최정호
CA3018-00,소성기법연구,하태훈
CA3011-00,스튜디오웨어,김승욱
CA4011-00,스튜디오창업,이성은
CA2004-00,혼합매체연구,방창현
CA1008-00,도자문화이야기,권나영
CA1007-00,도자성형1,김주상
CA1007-01,도자성형1,김연지
CA1006-00,표현연습,이정후
CA1006-01,표현연습,여화선
PM2015-00,미디시퀀싱기법,이철희
PM3016-00,작사작곡론1,손정은
PM3016-01,작사작곡론1,유태환
PM2018-00,재즈음악사,황덕호
PM2018-01,재즈음악사,황덕호
PM4015-00,졸업논문(포스트모던음악전공),한경훈
PM3027-00,포스트모던음악워크샵1,양영민
PM3027-01,포스트모던음악워크샵1,김주홍
PM4021-00,락앙상블,유상일
PM4005-00,뮤직비즈니스클래스1,박선민
PM1005-00,부전공실기1,신형원
PM1018-00,블루스클래스,김수환
PM3029-00,비틀즈클래스1,이두헌
PM4020-00,스튜디오세션앙상블1,한경훈
PM2026-00,싱어송라이팅클래스,홍성규
PM1003-00,앙상블1,황정관
PM1003-01,앙상블,1이웅
PM4028-00,영화음악,김수영
PM2019-00,재즈앙상블1,황호규
PM2019-01,재즈앙상블1,최보미
PM3024-00,재즈즉흥연주기법1,김정욱
PM1019-00,전공실기1,배장은
PM1019-01,전공실기1,김수영
PM1019-02,전공실기1,손정은
PM1019-03,전공실기1,김성재
PM1019-04,전공실기1,서영도
PM1019-05,전공실기1,황호규
PM1019-06,전공실기1,조정현
PM1019-07,전공실기1,김수환
PM1019-08,전공실기1,이두헌
PM1019-09,전공실기1,김정욱
PM1019-11,전공실기1,황정관
PM1019-12,전공실기1,오경록
PM1019-13,전공실기1,박호정
PM1019-14,전공실기1,안지민
PM1019-15,전공실기1,박라온
PM1019-18,전공실기1,김주홍
PM2023-00,전공실기3,배장은
PM2023-01,전공실기3,김수영
PM2023-02,전공실기3,손정은
PM2023-03,전공실기3,김성재
PM2023-05,전공실기3,황호규
PM2023-07,전공실기3,김수환
PM2023-09,전공실기3,김정욱
PM2023-10,전공실기3,최보미
PM2023-11,전공실기3,황정관
PM2023-12,전공실기3,오경록
PM2023-13,전공실기3,박호정
PM2023-14,전공실기3,안지민
PM2023-15,전공실기3,박라온
PM2023-16,전공실기3,송슬기
PM2023-18,전공실기3,김주홍
PM3022-01,전공실기5,임슬기
PM3022-02,전공실기5,김수영
PM3022-03,전공실기5,전해일
PM3022-04,전공실기5,서영도
PM3022-07,전공실기5,김수환
PM3022-10,전공실기5,최보미
PM3022-12,전공실기5,신형원
PM3022-13,전공실기5,오경록
PM3022-14,전공실기5,박호정
PM3022-15,전공실기5,신유신
PM3022-16,전공실기5,안지민
PM3022-17,전공실기5,이규재
PM3022-18,전공실기5,김주홍
PM3022-19,전공실기5,박라온
PM4025-00,전공실기7,오은혜
PM4025-01,전공실기7,임슬기
PM4025-02,전공실기7,김수영
PM4025-03,전공실기7,전해일
PM4025-04,전공실기7,서영도
PM4025-05,전공실기7,황호규
PM4025-06,전공실기7,조정현
PM4025-07,전공실기7,김수환
PM4025-08,전공실기7,이두헌
PM4025-10,전공실기7,최보미
PM4025-12,전공실기7,신형원
PM4025-13,전공실기7,오경록
PM4025-14,전공실기7,박호정
PM4025-15,전공실기7,신유신
PM4025-19,전공실기7,박라온
PM3018-00,팝앙상블1,한웅원
PM1016-00,재즈시창청음1,신정현
PM1016-01,재즈시창청음1,신유신
PM1012-00,재즈화성법1,전윤한
PM1012-01,재즈화성법1,배장은
PM1014-00,피아노클래스1,오은혜
PM1014-01,피아노클래스1,임슬기
FT4077-00,개별프로젝트1,"이영석, 임승태"
FT1071-00,극장스태프와무대미술,봉하일
FT2066-00,극장스태프와조명2,강소진
FT2011-00,영화촬영기초,이강민
FT4075-00,제작실습1,이영석
FT4071-00,졸업논문(연극영화전공),이영석
FT4057-00,캡스톤디자인1(연극영화학),김재성
FT3081-00,고급시나리오창작,이효인
FT3074-00,공연분석,임승태
FT3082-00,뉴미디어엔터테이너,"정지호, 조상환"
FT2068-00,대사연기1,박종현
FT3076-00,대사연기3,권미나
FT2023-00,디지털편집실습,김현범
FT3075-00,연극창작실습,이영석
FT3041-00,영상마케팅,전윤형
FT3043-00,영화제작실습,이준학
FT3039-00,영화편집연구,김정호
FT4072-00,오디션테크닉,"정지호, 서혜선"
FT2069-00,움직임과소리1,"이은혜, 이지현"
FT2075-00,음악극분석,신동아
FT3077-00,음악극연기연출론,"홍정원, 서혜선"
FT2070-00,음악극워크샵,"홍정원, 서혜선"
FT2076-00,초급영화이론,이효인
FT4074-00,카메라연기와촬영2,박종현
FT3047-00,한국영화연구,한상언
FT3035-00,현대영화이론,박진형
FT1073-00,노래해석,"김정민, 신동아"
FT1003-00,영화사,김정호
FT1001-00,이미지와사운드,김재성
FT1076-00,화술과소리1,"김수진, 권미나"
FT1075-00,희곡문헌과연기,이영석
EDU3342-G00,교과교수법(연극영화),김정민
EDU3166-G00,교과교육론(연극영화),이효인
ID2013-00,3D디자인I,장광집
ID2013-01,3D디자인I,이동민
ID3015-00,Space Analysis 1,장광집
ID3014-00,공간디자인1,소병완
ID2003-00,기초산업디자인I,최명식
ID2003-01,기초산업디자인I,최명식
ID2001-00,산업디자인사,김규현
ID3013-00,트렌스포테이션디자인1,배재환
ID3012-00,UX디자인,김진영
ID2019-00,VR디자인1,김성호
ID2018-00,디자인드로잉1,황의진
ID3016-00,디지털아이디어발상,황의진
ID4019-00,산업디자인종합설계1,"김규현, 장광집"
ID4019-01,산업디자인종합설계1,"김선철, 이동민"
ID4015-00,스마트융합디자인1,이동민
ID4015-01,스마트융합디자인1,이동민
ID2011-00,재료와구조I,김승찬
ID4017-00,전시디자인1,최유식
ID4014-00,제품디자인1,김선철
ID4014-01,제품디자인1,김선철
ID4016-00,환경디자인1,김규현
FD112-00,산업디자인리서치,심민섭
LA312-00,도시조경설계,김신원
LA312-01,도시조경설계,서화현
LA420-00,졸업논문(환경조경디자인학),민병욱
LA425-00,캡스톤디자인기반융합프로젝트2,서주환
LA326-00,경관정보학,최자호
LA422-00,도시공원예술론,최유나
LA204-00,서양조경사,황주영
LA314-00,여가관광지계획론,김진오
LA315-00,정원예술론,우경숙
LA205-00,조경계획학,민병욱
LA316-00,조경공학,박경의
LA207-00,조경디자인랭귀지,안정명
LA207-01,조경디자인랭귀지,김미래
LA209-00,조경수목및관리학,김진오
LA210-00,컴퓨터조경디자인,배건국
LA210-01,컴퓨터조경디자인,도지윤
LA319-00,환경인지설계론,최현상
EDU3184-G01,교과교육론(식물자원 조경),민병욱
TC202-00,텍스타일디자인I,김칠순
TC202-01,텍스타일디자인I,김칠순
TC313-00,패션스튜디오1,"최정욱, 이규선"
TC313-01,패션스튜디오1,"최정욱, 이규선"
TC205-00,디자인드로잉1,이경아
TC324-00,비주얼머천다이징실무,양숙경
TC208-00,염색및염색공예,한기창
TC427-00,의류디자인연구논문,권주연
TC316-00,의류상품기획,김칠순
TC317-00,의류제품품질관리,이은혜
TC209-00,직조디자인,한기창
TC430-00,코디디자인,김차현
TC318-00,텍스타일CAD,이채영
TC319-00,텍스타일가공과디자인,한기창
TC211-00,패션디자인,김차현
TC321-00,패턴메이킹,최정욱
TC433-00,포트폴리오,유선애
TC433-01,포트폴리오,김차현
TC434-00,홈퍼니싱스타일링,박소현
EDU3343-G00,교과교수법(의상),전미연
EDU3110-G00,교과교육론(의상),전미연
DC305-00,2D애니메이션,나호원
DC201-00,3D모델링,김숭현
DC201-01,3D모델링,김숭현
DC301-00,3D캐릭터모델링,김숭현
DC303-00,VFX제작,김상준
DC332-00,가상현실디자인,이창배
DC404-00,게임프로젝트1,배민정
DC304-00,게임학,황성환
DC302-00,모션그래픽스,김기혁
DC402-00,미디어디자인 프로젝트1,김숭현
DC202-00,비주얼디자인,신선영
DC207-00,사운드디자인,조남준
DC205-00,스토리텔링,노재학
DC401-00,애니메이션프로젝트1,장우린
DC403-00,영상프로젝트1,이태훈
DC213-00,인터랙티브 미디어 디자인,이승훈
DC204-00,촬영기법,이태훈
DC216-00,캐릭터디자인,장우린
VID3009-00,디자인기획과실무,정지연
VID3009-01,디자인기획과실무,정지혜
VID2008-00,커뮤니케이션디자인사,명윤경
VID2008-01,커뮤니케이션디자인사,명윤경
VID2011-00,타이포그래피,박지훈
VID2019-00,편집디자인1,이미나
VID3001-00,광고디자인1,최덕근
VID3003-00,광고사진기법,서준원
VID4018-00,그래픽디자인실무,장미경
VID4018-01,그래픽디자인실무,장미경
VID2002-00,기초시각디자인,김은정
VID2003-00,데스크탑그래픽,김현영
VID4025-00,디자인과비지니스,정지연
VID2018-00,디자인심리,"김현영, 박상희"
VID3020-00,디자인특강,"이은주, 정다은"
VID3011-00,무빙인포메이션디자인,김유리
VID3028-00,브랜드패키지디자인1,박상희
VID4023-00,아이덴티티디자인,김형석
VID4020-00,인터렉션디자인,김정우
VID2007-00,일러스트레이션&미디어,황하석
VID2007-01,일러스트레이션&미디어,한세진
VID3015-00,캐릭터개발연구,한세진
VID4022-00,캡스톤디자인기반산학실습(시각디자인학)2,김형석
VID4022-01,캡스톤디자인기반산학실습(시각디자인학)2,박상희
FD111-05,입체디자인,김경주
CPE201-01,전문실기1,김일수
CPE201-02,전문실기1,구본호
CPE201-03,전문실기1,김경자
CPE201-04,전문실기1,오주환
CPE201-05,전문실기1,최수연
CPE201-06,전문실기1,조경훈
CPE201-07,전문실기1,전종목
CPE201-08,전문실기1,연은정
CPE201-09,전문실기1,박삼일
CPE201-10,전문실기1,여홍철
CPE201-11,전문실기1,김동우
CPE201-12,전문실기1,김동규
CPE201-13,전문실기1,김현국
CPE201-14,전문실기1,황광용
CPE201-15,전문실기1,임승재
CPE201-16,전문실기1,정선영
CPE301-01,전문실기3,김일수
CPE301-02,전문실기3,송정명
CPE301-03,전문실기3,김주연
CPE301-04,전문실기3,오주환
CPE301-05,전문실기3,최수연
CPE301-06,전문실기3,조경훈
CPE301-07,전문실기3,전종목
CPE301-08,전문실기3,연은정
CPE301-09,전문실기3,박삼일
CPE301-10,전문실기3,여홍철
CPE301-11,전문실기3,김동우
CPE301-12,전문실기3,김동규
CPE301-13,전문실기3,김현국
CPE301-14,전문실기3,황광용
CPE301-15,전문실기3,임승재
CPE301-16,전문실기3,정선영
CPE401-01,전문실기5,김일수
CPE401-02,전문실기5,양태경
CPE401-03,전문실기5,홍건
CPE401-04,전문실기5,윤국진
CPE401-05,전문실기5,최수연
CPE401-06,전문실기5,조경훈
CPE401-07,전문실기5,전종목
CPE401-08,전문실기5,연은정
CPE401-09,전문실기5,박삼일
CPE401-10,전문실기5,여홍철
CPE401-11,전문실기5,김동우
CPE401-12,전문실기5,김동규
CPE401-13,전문실기5,김현국
CPE401-14,전문실기5,황광용
CPE401-15,전문실기5,임승재
CPE401-16,전문실기5,정선영
CPE103-00,맨손체조,여홍철
CPE103-01,맨손체조,여홍철
CPE103-02,맨손체조,여홍철
CPE103-03,맨손체조,여홍철
CPE101-00,수상스포츠,김태형
CPE101-01,수상스포츠,이정민
CPE101-02,수상스포츠,이준희
CPE101-03,수상스포츠,서명원
CPE101-04,수상스포츠,조경훈
CPE101-05,수상스포츠,이지혜
CPE101-06,수상스포츠,오채윤
CPE101-07,수상스포츠,문영재
CPE101-08,수상스포츠,한욱진
CPE101-09,수상스포츠,이재석
CPE101-10,수상스포츠,손은영
CPE104-01,스포츠와컴퓨터,정태겸
CPE104-02,스포츠와컴퓨터,이인엽
CPE104-03,스포츠와컴퓨터,오채윤
CPE104-04,스포츠와컴퓨터,정권혁
CPE104-05,스포츠와컴퓨터,한욱진
CPE104-06,스포츠와컴퓨터,석명규
CPE108-00,육상,류재균
CPE108-01,육상,류재균
CPE108-02,육상,류재균
CPE108-03,육상,류재균
CPE108-04,육상,류재균
TK401-01,졸업논문(태권도학전공),조성균
TK101-01,태권도개론,임신자
TK101-02,태권도개,론석류
TK201-01,태권도겨루기론,박선학
TK201-02,태권도겨루기론,홍일화
TK301-01,태권도사,정태겸
TK301-02,태권도사,김효림
TK314-00,독립심화학습1(태권도학과),조성균
TK203-01,유급자품새,전민우
TK203-02,유급자품새,전민우
TK306-01,태권도경기지도법,전정우
TK306-02,태권도경기지도법,강신녀
TK408-01,태권도경영이론및실습1,전익기
TK211-01,태권도공연의실제,박지연
TK211-02,태권도공연의실제,김나혜
TK307-01,태권도과학측정론,서명원
TK307-02,태권도과학측정론,서명원
TK105-00,태권도기초동작,송선영
TK105-01,태권도기초동작,송선영
TK308-01,태권도성장발달론,강효정
TK308-02,태권도성장발달론,강효정
TK102-01,태권도연습I,양태경
TK102-02,태권도연습I,조성균
TK204-01,태권도연습III,오철희
TK204-02,태권도연습III,김효림
TK210-01,태권도익스트림,김영진
TK210-02,태권도익스트림,이세동
TK311-01,태권도전공실기1,박선학
TK311-02,태권도전공실기1,전민우
TK403-01,태권도전공실기3,김영진
TK403-02,태권도전공실기3,전정우
TK310-01,태권도프로그램개발론,강신녀
TK310-02,태권도프로그램개발론,송현수
TK104-01,태권체조,송선영
TK207-01,택견1,박인준
TK207-02,택견1,박인준
PE216-00,스포츠의사회학적이해,한광령
PE301-01,스포츠행정과정책,한광령
PE400-00,졸업논문(체육학전공),이정민
PE101-00,체육교수방법론,문희수
PE203-01,농구I,한욱진
PE313-00,독립심화학습1(체육학과),한광령
PE205-01,배구I,임승재
PE302-01,배드민턴I,최수연
PE102-01,수상인명구조법1,함경수
PE218-00,스포츠생리학,김정현
PE306-01,스포츠프로그램구성론,문희수
PE211-01,아쿠아스포츠I,이채빈
PE217-00,운동심리학,범철호
PE107-01,체육원리,손흥기
PE107-02,체육원리,조문기
PE201-01,체육측정평가,이재문
PE106-01,체육통계학,이정민
PE307-01,체육학습분석론,배민우
PE403-00,체육학전공실습,이정민
PE213-01,축구1,김동우
PE308-01,테니스I,윤국진
PE105-01,한국체육사,조문기
EDU3345-G00,교과교수법(체육),김철민
EDU3171-G00,교과교육론(체육),김철민
SM208-01,기능해부학,오성민
SM102-00,스포츠의학개론,"박현, 길재호, 박지홍, 김정현"
SM201-01,운동생리학,김정현
SM424-00,졸업논문(스포츠의학전공),김정현
SM331-00,노인스포츠,정희정
SM333-00,도핑과에르고제닉스의과,학박현
SM327-00,독립심화학습1(스포츠의학과),박현
SM327-02,독립심화학습1(스포츠의학과),박지홍
SM327-03,독립심화학습1(스포츠의학과),김정현
SM207-00,병태생리학,김미지
SM321-00,스포츠의공,학강곤
SM312-00,스포츠카이로프랙틱,길재호
SM426-00,스포츠카이로프랙틱실습,길재호
SM332-00,심폐소생술,문영재
SM2011-00,운동손상,박지홍
SM320-00,운동손상평가,오성민
SM209-00,운동영양,학박현
SM301-00,운동처방론,이소정
SM420-00,임상실습1,박지홍
SM328-00,임상역학,김민주
SM316-01,특수체육,장명재
SM425-00,환경운동생리학,김정현
SC108-01,글로벌스포츠커뮤니케이션,윤지인
SC303-01,스포츠사회학,하희문
SC303-02,스포츠사회학,하희문
SC107-00,스포츠심리학,신연지
SC107-01,스포츠심리학,신연지
SC400-01,졸업논문(스포츠지도전공),이준희
SC308-01,코칭론,오경록
SC308-02,코칭론,오경록
SC101-01,검도1,박연정
SC201-01,경기분석론,류재균
SC301-01,댄스스포츠,윤지인
SC402-01,생활체육론,정주나
SC311-00,선수상해예방실습교육론,이준희
SC206-01,선수체력관리,정현철
SC317-00,성장기스포츠과학과건강,정현철
SC310-00,세계스포츠비교론,양명주
SC202-01,수영,정주나
SC2010-00,스포츠생활안전관리,이준희
SC312-00,스포츠선수의기능훈련,윤찬수
SC409-00,스포츠윤리학,신명식
SC403-01,스포츠현장실습,오경록
SC305-01,에어로빅댄스1,연은정
SC209-00,여가학개론,윤지인
SC209-01,여가학개론,윤지인
SC404-01,운동역학,김영숙
SC404-02,운동역학,김영숙
SC103-01,유도I,박삼일
SC410-00,점핑플라이오메트릭,윤찬수
SC204-01,체조I,여홍철
SC105-01,탁구I,지남용
GI405-01,골프지도법,장재관
GI105-01,골프클럽제작과피팅,장재관
GI303-01,스포츠마케팅,이정학
GI400-01,졸업논문(골프경영학전공),장재관
GI102-01,골프룰및에티켓,장재관
GI201-02,골프산업,이지혜
GI411-00,골프상해와재활,이준희
GI103-01,골프스윙실습1,황선영
GI204-01,골프장잔디관리학,조혜경
GI302-01,골프장전문관리학I,조혜경
GI404-01,골프전문피트니스,임원현
GI315-00,숏게임과트러블샷1,황선영
GI308-00,스포츠와법,범철호
GI205-01,토너먼트2,박영진
GI306-01,토너먼트4,장재관
GI408-00,토너먼트6,이정학
SPACE303-01,우주환경I,문용재
SPACE471-00,졸업논문(우주과학과),김관혁
SPACE301-00,천체물리학I,"김성수, 전명원"
SPACE203-00,고등수학I,이동훈
SPACE231-00,기초프로그래밍및실습,전명원
SPACE371-00,우주과학개론,김관혁
SPACE312-01,우주비행역학,김갑성
SPACE411-00,우주유체및플라즈마물리개론,Tetsuya Magara
SPACE212-00,우주전자기개론,김관혁
SPACE221-00,우주전자기초및실,험진호
SPACE322-00,위성및추진체,선종호
SPACE424-00,천문우주과학특강1,최광선
SPACE201-00,천문학개론및실습1,최윤영
SPACE412-00,천체열역학,최광선
SPACE211-00,태양계탐사,김성수
APCH3401-00,무기화학I,변송호
APCH3401-01,무기화학I,이민형
APCH2303-00,분석화학실험,강성호
APCH2303-01,분석화학실험,양성익
APCH4600-00,졸업논문(응용화학과),이민형
APCH2104-00,기초물리화학,이영식
APCH2201-01,기초유기화학,안광현
APCH4601-00,나노융합소재연구,이민형
APCH4401-00,무기소재과학,변송호
APCH4607-00,물리유기화학,유은정
APCH2101-00,물리화학I,김용호
APCH2101-01,물리화학I,김용호
APCH3101-00,반응속도론,김용호
APCH2301-00,분석화학입문,강성호
APCH2301-01,분석화학입문,강성호
APCH3501-00,생화학I,김광표
APCH4501-00,생화학실험,김광표
APCH3403-00,신소재과학실험,이민형
APCH3403-01,신소재과학실험,이민형
APCH4204-00,유기및생화학연구,강성호
APCH3301-00,유기분광분석,양성익
APCH2202-00,유기화학I,강은주
APCH2202-01,유기화학I,김학원
APCH3606-00,유기화학III,강경태
APCH4105-00,응용고분자화학,고두현
APCH3607-00,응용전기화학,김명준
APCH3601-00,응용화학개론,이민형
APCH4603-00,응용화학캡스톤디자인,"강성호, 김학원, 고두현"
EDU3141-G00,교과교육론(화학),이영식
APHY3100-00,양자역학I,이호선
APHY2100-00,역학Ⅰ,이민철
APHY3600-00,전자기학Ⅱ,임대영
APHY3201-00,전자회로개론실험,최정우
APHY4000-00,졸업논문(응용물리학과),송현욱
APHY2105-00,현대물리실험,이광조
APHY4403-00,나노과학및기술,송현욱
APHY3400-00,물리전자,최석호
APHY1100-00,물리학실험I,손종역
APHY1100-01,물리학실험I,손종역
APHY1100-02,물리학실험I,이종수
APHY1100-03,물리학실험I,이종수
APHY4404-00,반도체나노공정,손종역
APHY2102-00,수리물리I,이종수
APHY2200-00,응용물리 세미나,이광조
APHY2000-00,응용물리개론,송현욱
APHY4200-00,응용물리연구I,송현욱
APHY4400-00,응집물질물리Ⅰ,이성훈
APHY2107-00,전산물리,이성훈
APHY3200-00,전자회로개론,최정우
APHY3602-00,푸리에광학,이광조
APHY2104-00,현대물리,임대영
EDU3131-G00,교과교육론(물리),송현욱
AMTH3003-00,미분기하학1,한창용
AMTH4012-00,졸업논문(응용수학과),이선미
AMTH2010-00,해석학1,최선호
AMTH3013-00,현대대수학I,김정산
AMTH4017-00,보험수학,전준기
AMTH3029-00,복소함수및응용,박준표
AMTH2004-00,수리프로그래밍,김혜현
AMTH2004-01,수리프로그래밍,김혜현
AMTH4007-00,수치해석학특강,김경수
AMTH4010-00,실해석학,홍범일
AMTH2006-00,응용벡터해석,김정산
AMTH2014-00,컴퓨터지원기하학적설계,한창용
AMTH3025-00,통계학및응용,전준기
EDU3137-G00,교과교육론(수학),강미선
IS2508-00,Major Issues in International Studies,정하용
IS2204-00,Statistics for Social Science,홍원택
IS4401-00,American Foreign Policy,정하용
IS2506-00,Blockchain and Cryptocurrency,홍원택
IS2301-00,Business Finance,이젬마
IS4402-00,Chinese Foreign Policy,여유경
IS3402-00,Chinese Politics and Economy,여유경
IS2001-00,Comparative Area Studies,박수헌
IS2001-01,Comparative Area Studies,여유경
IS3103-00,Culture and International Relations,양준희
IS2503-00,Global Data Analysis for Economics and Business,안지연
IS2511-00,High_intermediate Chinese Language,LIU HANLEI
IS2513-00,High_intermediate Japanese Language,김은숙
IS2516-00,High_intermediate Korean Language I,우연희
IS2517-00,High_intermediate Korean Language II,우연희
IS2101-00,History of International Relations,우승지
IS4403-00,Human Rights in East Asia,백범석
IS4205-00,Industrial Organization,주효연
IS2510-00,Intermediate Chinese Language,LIU HANLEI
IS2512-00,Intermediate Japanese Language,김은숙
IS2514-00,Intermediate Korean Language I,김춘영
IS2515-00,Intermediate Korean Language II,김춘영
IS2002-00,International Business,김준엽
IS4102-00,International Conflict and Resolution,Ioannis Tellidis
IS3001-00,International Finance,전종규
IS3001-01,International Finance,양두용
IS3306-00,International Financial Strategy,이젬마
IS2003-00,International Political Economy,정진영
IS2003-01,International Political Economy,정하용
IS2004-00,International Security,Ioannis Tellidis
IS2004-01,International Security,박한규
IS3002-00,International Trade,현혜정
IS3002-01,International Trade,현혜정
IS3516-00,Japanese Foreign Policy,김선일
IS3404-00,Japanese Politics and Economy,김선일
IS4404-00,Korean Foreign Policy,박한규
IS3107-00,Law & Global Governance,백범석
IS2202-00,Macroeconomics,양두용
IS2202-01,Macroeconomics,전종규
IS2103-00,Major Issues in Global Affairs,이영조
IS2203-00,Mathematics for Economics and Business,양두용
IS2201-00,Microeconomics,현혜정
IS3532-00,Monitoring and Evaluation for Development Project,신재은
IS2304-00,Principles of Marketing,문일권
IS2104-00,Understanding Foreign Policy,박한규
IS2507-00,Understanding International Development Cooperation,곽재성
IS1001-00,Introduction to Economics I,주효연
IS1001-01,Introduction to Economics I,주효연
IS1002-00,Introduction to Economics II,안지연
IS1004-00,Introduction to International Relations,우승지
IS1004-01,Introduction to International Relations,양준희
IS1003-00,Introduction to Political Science,정진영
IS1003-01,Introduction to Political Science,정진영
AMTH1009-00,미분적분학,김병학
AMTH1009-01,미분적분학,김병학
AMTH1009-02,미분적분학,김병학
AMTH1009-03,미분적분학,김병학
AMTH1009-04,미분적분학,한창용
AMTH1009-05,미분적분학,한창용
AMTH1009-06,미분적분학,한창용
AMTH1009-07,미분적분학,한창용
AMTH1009-08,미분적분학,김경수
AMTH1009-09,미분적분학,김경수
AMTH1009-10,미분적분학,김경수
AMTH1009-11,미분적분학,김경수
AMTH1009-12,미분적분학,이선미
AMTH1009-13,미분적분학,이선미
AMTH1009-14,미분적분학,이선미
AMTH1009-15,미분적분학,이선미
AMTH1009-16,미분적분학,홍범일
AMTH1009-17,미분적분학,홍범일
AMTH1009-18,미분적분학,홍범일
AMTH1009-19,미분적분학,홍범일
AMTH1002-00,미분적분학1,김병학
AMTH1002-01,미분적분학1,"김경수, 김정산"
AMTH1002-02,미분적분학1,전준기
AMTH1002-03,미분적분학1,최진혁
AMTH1002-04,미분적분학1,최진혁
AMTH1002-05,미분적분학1,차준심
AMTH1002-06,미분적분학1,차준심
AMTH1002-07,미분적분학1,백옥분
AMTH1002-08,미분적분학1,백옥분
AMTH1002-09,미분적분학1,김원주
AMTH1002-10,미분적분학1,김원주
AMTH1002-11,미분적분학1,박정주
AMTH1002-12,미분적분학1,박정주
AMTH1002-13,미분적분학1,손수진
AMTH1002-14,미분적분학1,손수진
AMTH1002-15,미분적분학1,김응기
AMTH1002-16,미분적분학1,김수현
AMTH1002-17,미분적분학1,남윤
AMTH1004-00,선형대수,최선호
AMTH1004-01,선형대수,최선호
AMTH1004-02,선형대수,배재형
AMTH1004-03,선형대수,박명진
AMTH1004-04,선형대수,김현수
AMTH1004-05,선형대수,김현수
AMTH1004-06,선형대수,최용빈
AMTH1004-07,선형대수,최용빈
AMTH1004-08,선형대수남,궁윤미
AMTH1004-09,선형대수남,궁윤미
AMTH1004-10,선형대,수이진
AMTH1004-11,선형대수,박지연
AMTH1004-12,선형대수,박준표
AMTH1005-00,통계학,최승경
AMTH1005-01,통계학,최승경
APHY1000-00,물리학1,이민철
APHY1000-01,물리학1,이은상
APHY1000-02,물리학1,박민식
APHY1000-03,물리학1,최홍
APHY1000-04,물리학1,김영민
APHY1000-05,물리학1,김영민
APHY1000-06,물리학1,이남영
APHY1000-07,물리학1,이선구
APHY1000-08,물리학1,이선구
APHY1000-09,물리학1,이남영
APHY1000-10,물리학1,강곤
APHY1002-02,물리학및실험1,이은모
APHY1002-05,물리학및실험1,김영훈
APHY1002-06,물리학및실험1,김영훈
APHY1002-07,물리학및실험1,이은모
APHY1002-08,물리학및실험1,이은모
APHY1002-09,물리학및실험1,민해식
APHY1002-10,물리학및실험1,민해식
APHY1002-11,물리학및실험1,김영훈
APHY1002-12,물리학및실험1,김영훈
APHY1002-13,물리학및실험1,김선경
APHY1002-14,물리학및실험1,김선경
APHY1002-15,물리학및실험1,이호선
APHY1002-16,물리학및실험1,이호선
APHY1002-17,물리학및실험1,이호선
APHY1002-18,물리학및실험1,민해식
APHY1002-19,물리학및실험1,손종역
APHY1002-20,물리학및실험1,손종역
APHY1002-21,물리학및실험1,손종역
APHY1002-22,물리학및실험1,손종역
APHY1002-23,물리학및실험1,이종수
APHY1002-24,물리학및실험1,이종수
APHY1002-25,물리학및실험1,송현욱
APHY1002-26,물리학및실험1,송현욱
APHY1002-27,물리학및실험1,김영훈
APHY1002-28,물리학및실험1,이은모
APHY1004-00,일반물,리최홍
APHY1004-01,일반물리,이나영
APHY1004-02,일반물리,이나영
APCH1131-00,일반화학,이현주
APCH1131-01,일반화학,이현주
APCH1131-02,일반화학,임재희
APCH1131-03,일반화학,임재희
APCH1121-00,화학1,강은주
APCH1121-01,화학1,심지혜
APCH1121-02,화학1,심지혜
APCH1121-03,화학1,오영호
APCH1121-04,화학1,오영호
APCH1121-05,화학1,이성열
APCH1121-06,화학1,이성열
APCH1121-07,화학1,전우진
APCH1101-00,화학및실험1,강경태
APCH1101-01,화학및실험1,강경태
APCH1101-02,화학및실험1,이영식
APCH1101-03,화학및실험1,이영식
APCH1101-04,화학및실험1,안광현
APCH1101-05,화학및실험1,안광현
APCH1101-06,화학및실험1,강은주
APCH1101-07,화학및실험1,강은주
APCH1101-08,화학및실험1,강경태
APCH1101-09,화학및실험1,강경태
APCH1101-10,화학및실험1,강경태
ENV171-00,생물학및실험1,장광현
ENV171-01,생물학및실험1,장광현
ENV171-02,생물학및실험1,장광현
BIO101-00,생물1,이상원
BIO101-01,생물1,하선화
BIO101-02,생물1,조만호
BIO101-03,생물1,강세찬
BIO101-04,생물1,김연주
BIO101-05,생물1,이상원
BIO103-00,일반생물,김세영
BIO103-01,일반생물,구형근
CDG3277-00,취·창업스쿨(4차 산업혁명시대 진로와 창업),황선하
CDG3253-00,취·창업스쿨(공학분야),임상언
CDG3253-01,취·창업스쿨(공학분야),최영복
CDG3279-00,취·창업스쿨(국제기구. NGO분야),서은석
CDG3268-00,취·창업스쿨(생명과학분야),유재호
CDG0264-00,취·창업스쿨(스포츠마케팅분야),이해원
CDG3260-00,취·창업스쿨(예술분야),신용현
CDG3255-00,취·창업스쿨(응용과학분야),김양수
CDG3262-00,취·창업스쿨(자기개발과커리어전략),고영재
CDG0267-00,취·창업스쿨(자아탐색을통한진로설정),김언희
CDG3254-00,취·창업스쿨(전자정보분야),박종명
CDG0266-00,취·창업스쿨(진로동기강화),장윤정
CDG0268-00,취·창업스쿨(진로의사결정을통한목표설정),이정아
CDG0265-00,취·창업스쿨(진로탐색과진로준비),백지연
CDG3278-00,취·창업스쿨(커리어디자인),류정은
SWCON253-00,기계학습,이원희
SWCON253-01,기계학습,김휘용
CSE103-01,객체지향프로그래밍,이대호
CSE305-00,데이터베이스,김태연
SWCON103-00,디자인적사고,박광훈
SWCON201-00,소프트웨어개발방법및도구,이성원
CSE327-00,소프트웨어공학,이성원
SWCON401-00,소프트웨어융합캡스톤디자인,이대호
CSE304-01,알고리즘분석,한치근
CSE304-02,알고리즘분석,한치근
CSE301-01,운영체제,황효석
CSE301-02,운영체제,방재훈
SWCON104-00,웹/파이선프로그래밍,정지영
SWCON104-01,웹/파이선프로그래밍,이성원
CSE204-01,자료구조,채옥삼
CSE204-02,자료구조,박성배
SWCON402-00,졸업논문(소프트웨어융합),이대호
CSE302-01,컴퓨터네트워크,허의남
CSE302-02,컴퓨터네트워크,조항기
CSE440-00,IoT소프트웨어,김범석
CSE330-00,SW스타트업비즈니스,서상원
SWCON314-00,게임공학,강형엽
SWCON311-00,게임그래픽프로그래밍,강형엽
SWCON367-00,게임콘텐츠캡스톤디자인,강형엽
SWCON321-00,데이터분석캡스톤디자인,이대호
SWCON221-00,데이터센터프로그래밍,이성원
SWCON366-00,로봇센서데이터처리,황효석
SWCON332-00,미래자동차·로봇캡스톤디자인,정지영
CSE426-00,영상처리,김휘용
SWCON341-00,융합연구3,이대호
CSE438-00,최신기술콜로키움1,서우석
CSE335-00,클라우드컴퓨팅,김재홍
SWCON254-00,회로와신호,정지영
CSE201-01,이산구조,정태충
CSE201-02,이산구조,김휘용
CSE308-00,IT기술영어2,Priyan Malarvizhi Kumar
CSE305-01,데이터베이스,이영구
CSE223-00,오픈소스SW개발,진성욱
CSE204-03,자료구조,박성배
CSE406-00,캡스톤디자인1,이영구
CSE405-00,캡스톤디자인2,전석희
CSE203-01,컴퓨터구조,정연모
CSE203-02,컴퓨터구조,박영태
CSE203-03,컴퓨터구조,박경문
CSE203-04,컴퓨터구조,김성태
CSE302-03,컴퓨터네트워크,강선무
CSE444-00,IoT네트워크,조항기
CSE224-00,UI/UX프로그래밍,전석희
CSE331-00,딥러닝,배성호
CSE324-00,멀티미디어시스템,박광훈
CSE340-00,실전기계학습,배성호
CSE433-00,웹서비스프로그래밍,안기옥
CSE423-00,정보보호,허의남
CSE436-00,최신기술프로젝트1,이해준
CSE428-00,컴퓨터그래픽스,이승규
CSE322-00,형식언어및컴파일러,한치근
GE4001-00,글로벌엔지니어링캡스톤디자인,정영훈
GE2001-00,융복합공학의이해,정영훈
GE3001-00,공학스페인어,임보영
GE2003-00,공학프랑스어,조은경
FDA301-00,4D아트설치,맹욱재
FDA401-00,4D종합설계1,여화선
FDA202-00,자연과예술,우경숙
GEC1403-G00,대학영어,Armando Daniel Bazan
GEC1403-G01,대학영어,Roger Thompson
GEC1403-G02,대학영어,박현주
GEC1403-G03,대학영어,Roger Thompson
GEC1403-G04,대학영어,Hue Joshua Lee
GEC1403-G05,대학영어,Cynthia SohYoung Yoo
GEC1403-G06,대학영어,Cynthia SohYoung Yoo
GEC1403-G07,대학영어,Armando Daniel Bazan
GEC1403-G08,대학영어,Roger Thompson
GEC1403-G09,대학영어,여승주
GEC1403-G10,대학영어,Stephanie Eun-Kyung Rhee
GEC1403-G11,대학영어,Cynthia SohYoung Yoo
GEC1403-G12,대학영어,Stephanie Eun-Kyung Rhee
GEC1403-G13,대학영어,Hue Joshua Lee
GEC1403-G14,대학영어,Armando Daniel Bazan
GEC1403-G15,대학영어,여승주
GEC1403-G16,대학영어,Brown Hyon Chol
GEC1403-G17,대학영어,신혜정
GEC1403-G18,대학영어,Hue Joshua Lee
GEC1403-G19,대학영어,Brian Daniel Arundel
GEC1403-G20,대학영어,신혜정
GEC1403-G21,대학영어,Brian Daniel Arundel
GEC1403-G22,대학영어,Brown Hyon Chol
GEC1403-G23,대학영어,신혜정
GEC1403-G24,대학영어,Stephanie Eun-Kyung Rhee
GEC1403-G25,대학영어,Brown Hyon Chol
GEC1403-G26,대학영어,여승주
GEC1403-G27,대학영어,여승주
GEC1403-G28,대학영어,Andrew James Stewart
GEC1403-G29,대학영어,Stephanie Eun-Kyung Rhee
GEC1403-G30,대학영어,Brian Daniel Arundel
GEC1403-G31,대학영어,이미선
GEC1403-G32,대학영어,Stephanie Eun-Kyung Rhee
GEC1403-G33,대학영어,Brown Hyon Chol
GEC1403-G34,대학영어,Andrew James Stewart
GEC1403-G35,대학영어,Cynthia SohYoung Yoo
GEC1403-G36,대학영어,Andrew James Stewart
GEC1403-G37,대학영어,Andrew James Stewart
GEC1403-G38,대학영어,범철호
GEC1403-G39,대학영어,범철호
GEC1105-G00,성찰과표현,진은진
GEC1105-G01,성찰과표현,최승희
GEC1105-G02,성찰과표현,김광섭
GEC1105-G03,성찰과표현,김미선
GEC1105-G04,성찰과표현,김광섭
GEC1105-G05,성찰과표현,김미선
GEC1105-G06,성찰과표현,진은진
GEC1105-G07,성찰과표현,이우현
GEC1105-G08,성찰과표현,박지용
GEC1105-G09,성찰과표현,장성희
GEC1105-G10,성찰과표현,강은모
GEC1105-G11,성찰과표현,최승희
GEC1105-G12,성찰과표현,이우현
GEC1105-G13,성찰과표현,강은모
GEC1105-G14,성찰과표현,장성희
GEC1105-G15,성찰과표현,조운아
GEC1105-G16,성찰과표현,진애라
GEC1105-G17,성찰과표현,조운아
GEC1105-G18,성찰과표현,진애라
GEC1105-G19,성찰과표현,유재명
GEC1105-G20,성찰과표현,진은진
GEC1105-G21,성찰과표현,진은진
GEC1105-G22,성찰과표현,오세정
GEC1105-G23,성찰과표현,윤분희
GEC1105-G24,성찰과표현,최윤희
GEC1105-G25,성찰과표현,박선애
GEC1105-G26,성찰과표현,김영희
GEC1105-G27,성찰과표현,이승아
GEC1105-G28,성찰과표현,조은영
GEC1105-G29,성찰과표현,박선애
GEC1105-G30,성찰과표현,최윤희
GEC1105-G31,성찰과표현,이승아
GEC1105-G32,성찰과표현,조은영
GEC1105-G33,성찰과표현,최수진
GEC1105-G34,성찰과표현,조명숙
GEC1105-G35,성찰과표현,조은영
GEC1105-G36,성찰과표현,최수진
GEC1105-G37,성찰과표현,김영희
GEC1105-G38,성찰과표현,최윤희
GEC1105-G39,성찰과표현,조명숙
GEC1105-G40,성찰과표현,오태호
GEC1105-G41,성찰과표현,박경희
GEC1105-G42,성찰과표현,고유림
GEC1105-G43,성찰과표현,한송이
GEC1105-G44,성찰과표현,전성희
GEC1105-G45,성찰과표현,주지선
GEC1105-G46,성찰과표현,박경희
GEC1105-G47,성찰과표현,이윤주
GEC1105-G48,성찰과표현,전성희
GEC1105-G49,성찰과표현,주지선
GEC1105-G50,성찰과표현,한송이
GEC1105-G51,성찰과표현,고유림
GEC2001-G00,주제연구,박지용
GEC2001-G01,주제연구,이은봉
GEC2001-G02,주제연구,이은봉
GEC2001-G03,주제연구,이지영
GEC2001-G04,주제연구,박지용
GEC2001-G05,주제연구,강호정
GEC2001-G07,주제연구,백지윤
GEC2001-G08,주제연구,강호정
GEC2001-G10,주제연구,백지윤
GEC2001-G11,주제연구,오승희
GEC2001-G14,주제연구,이유진
GEC2001-G17,주제연구,이유진
GEC2001-G18,주제연구,오승희
GEC2001-G19,주제연구,김정욱
GEC2001-G20,주제연구,엄상희
GEC2001-G21,주제연구,오태호
GEC2001-G22,주제연구,김정욱
GEC2001-G23,주제연구,엄상희
GEC2001-G24,주제연구,오세정
GEC2001-G25,주제연구,윤분희
GEC2001-G26,주제연구,김영임
GEC2001-G27,주제연구,김영임
GEC2001-G28,주제연구,오세정
GEC2001-G29,주제연구,최은영
GEC2001-G30,주제연구,오태호
GEC2001-G31,주제연구,홍비연
GEC2001-G32,주제연구,최은영
GEC2001-G33,주제연구,홍비연
GEC2001-G34,주제연구,진은경
GEC2001-G35,주제연구,한주희
GEC2001-G36,주제연구,이윤주
GEC2001-G37,주제연구,홍상언
GEC2001-G38,주제연구,진은경
GEC2001-G39,주제연구,한주희
GEC2001-G40,주제연구,홍상언
GEC2001-G41,주제연구,소지영
GEC0103-G00,빅뱅에서문명까지,"박지호, 김성"
GEC0103-G01,빅뱅에서문명까지,"이상원, 선종호"
GEC0103-G02,빅뱅에서문명까지,김갑성
GEC0103-G03,빅뱅에서문명까지,"김관혁, 강희"
GEC0103-G04,빅뱅에서문명까지,"김관혁, 강희"
GEC0103-G05,빅뱅에서문명까지,"윤재승, 이영식"
GEC0103-G06,빅뱅에서문명까지,"윤재승, 이영식"
GEC0103-G07,빅뱅에서문명까지,이호선
GEC0103-G08,빅뱅에서문명까지,황은주
GEC0103-G09,빅뱅에서문명까지,최윤영
GEC0103-G10,빅뱅에서문명까지,박명진
GEC0103-G11,빅뱅에서문명까,지김성
GEC0103-G13,빅뱅에서문명까지,전명원
GEC1104-G00,세계와시민,권순대
GEC1104-G01,세계와시민,정현경
GEC1104-G02,세계와시민,윤종희
GEC1104-G03,세계와시민,곽봉재
GEC1104-G04,세계와시민,김종원
GEC1104-G05,세계와시민,박숙경
GEC1104-G06,세계와시민,권순대
GEC1104-G07,세계와시민,이광훈
GEC1104-G08,세계와시민,"양훈도, 권순대"
GEC1104-G09,세계와시민,송종서
GEC1104-G10,세계와시민,박숙경
GEC1104-G11,세계와시민,임형진
GEC1104-G12,세계와시민,권순대
GEC1104-G13,세계와시민,정재원
GEC1104-G14,세계와시민,윤종희
GEC1104-G15,세계와시민,정현경
GEC1104-G16,세계와시민,임형진
GEC1104-G17,세계와시민,정재원
GEC1104-G18,세계와시민,송종서
GEC1104-G19,세계와시민,"정재원, 양훈도"
GEC1104-G20,세계와시민,박숙경
GEC1104-G21,세계와시민,유한범
GEC1104-G22,세계와시민,곽봉재
GEC1104-G23,세계와시민,윤종희
GEC1104-G24,세계와시민,정재원
GEC1104-G25,세계와시민,유한범
GEC1104-G26,세계와시민,정현경
GEC1104-G27,세계와시민,상종열
GEC1104-G28,세계와시민,김연철
GEC1104-G29,세계와시민,신충식
GEC1104-G30,세계와시민,상종열
GEC1104-G31,세계와시민,민진영
GEC1104-G32,세계와시민,김연철
GEC1104-G33,세계와시민,이진오
GEC1104-G34,세계와시민,김민전
GEC1104-G35,세계와시민,민진영
GEC1104-G37,세계와시민,김활란
GEC1104-G38,세계와시민,이규호
GEC1104-G39,세계와시민,이광훈
GEC1104-G41,세계와시민,박영주
GEC1104-G42,세계와시민,이규호
GEC1104-G43,세계와시민,박영주
GEC1104-G44,세계와시민,김민전
GEC1104-G45,세계와시민,신충식
GEC1101-G00,우리가사는세계,신충식
GEC1101-G01,우리가사는세계,이은정
GEC1101-G02,우리가사는세계,김영진
GEC1102-G00,인간의가치탐색,육정임
GEC1102-G01,인간의가치탐색,윤원근
GEC1102-G02,인간의가치탐색,문영희
GEC1102-G03,인간의가치탐색,민승기
GEC1102-G04,인간의가치탐색,윤원근
GEC1102-G05,인간의가치탐색,문영희
GEC1102-G06,인간의가치탐색,이진오
GEC1102-G07,인간의가치탐색,김연숙
GEC1102-G08,인간의가치탐색,김영진
GEC1102-G09,인간의가치탐색,이은정
GEC1102-G10,인간의가치탐색,이진오
GEC1102-G11,인간의가치탐색,전호근
GEC1102-G12,인간의가치탐색,신충식
GEC1102-G13,인간의가치탐색,이은정
GEC1102-G14,인간의가치탐색,임형진
GEC1102-G15,인간의가치탐색,전호근
GEC1102-G16,인간의가치탐색,최재구
GEC1102-G17,인간의가치탐색,신충식
GEC1102-G18,인간의가치탐색,유병래
GEC1102-G19,인간의가치탐색,이병수
GEC1102-G20,인간의가치탐색,이은정
GEC1102-G21,인간의가치탐색,김태경
GEC1102-G22,인간의가치탐색,김활란
GEC1102-G23,인간의가치탐색,유병래
GEC1102-G24,인간의가치탐색,이병수
GEC1102-G25,인간의가치탐색,이진오
GEC1102-G26,인간의가치탐색,전호근
GEC1102-G27,인간의가치탐색,김태경
GEC1102-G28,인간의가치탐색,전호근
GEC1102-G29,인간의가치탐색,김연숙
GEC1102-G30,인간의가치탐색,김영진
GEC1102-G31,인간의가치탐색,김종인
GEC1102-G32,인간의가치탐색,김태경
GEC1102-G33,인간의가치탐색,김연숙
GEC1102-G34,인간의가치탐색,김종인
GEC1102-G35,인간의가치탐색,김태경
GEC1102-G36,인간의가치탐색,김활란
GEC1102-G37,인간의가치탐색,이병수
GEC1102-G38,인간의가치탐색,조현준
GEC1102-G39,인간의가치탐색,이경석
GEC1102-G40,인간의가치탐색,조현준
GEC1102-G41,인간의가치탐색,최인자
GEC1102-G42,인간의가치탐색,김활란
GEC1102-G43,인간의가치탐색,김연숙
GEC1102-G44,인간의가치탐색,김영진
GEC1102-G45,인간의가치탐색,이경석
GEC1102-G46,인간의가치탐색,이미선
GEC1102-G47,인간의가치탐색,이병수
GEC1102-G48,인간의가치탐색,최인자
GEC1102-G49,인간의가치탐색,김병진
GEC1102-G50,인간의가치탐색,이삼출
GEC1102-G51,인간의가치탐색,조현준
GEC1102-G52,인간의가치탐색,김병진
GEC1102-G53,인간의가치탐색,이삼출
GEC1102-G54,인간의가치탐색,조현준
GEB1201-G00,영어1,박현주
GEB1202-G00,영어2,박현주
GEB1202-G04,영어2,여승주
GEB1202-G05,영어2,이미선
GEB1202-G06,영어2,Andrew James Stewart
GEB1101-G01,글쓰기1,오태호
GEB1101-G02,글쓰기1,오태호
GEB1102-G00,글쓰기2,차희정
GEB1102-G01,글쓰기2,차희정
GEB1102-G02,글쓰기2,유재명
GEB1102-G03,글쓰기2,예철해
GEB1102-G04,글쓰기2,예철해
GEB1102-G05,글쓰기2,유재명
GEB1102-G06,글쓰기2,이은영
GEB1102-G07,글쓰기2,이은영
GEB1102-G08,글쓰기2,예철해
GEB1301-G00,시민교육,윤종희
GEB1301-G01,시민교육,권순대
GED1989-G00,고전명작과예술의문명사,이병수
GED1356-G00,동양에서서양으로:음악과문화,FABREGAS ELISENDA
GED1356-G01,동양에서서양으로:음악과문화,FABREGAS ELISENDA
GED1735-G00,디지털사진촬영과표현,정경아
GED1737-G00,사운드와테크놀로지,이철희
GED1733-G00,새김과찍기:현대판화,박상아
GED1929-G00,색채와상상력,오정은
GED1738-G00,생활속의공예:미와쓰임새,김정아
GED1734-G00,아이디어를시각화하기,이태훈
GED1940-G00,예술치료의원리와실제,박진희
GED1739-G00,지구화시대의미학극장,이은정
GED1329-G00,커뮤니케이션과디자인,윤민희
GED1945-G00,컴퓨터그래픽기초,백수희
GED1945-G01,컴퓨터그래픽기초,백수희
GED1947-G00,클래식음악산책,FABREGAS ELISENDA
GED1947-G01,클래식음악산책,FABREGAS ELISENDA
GED1951-G00,패션디자인의세계,"이규선, 김숙현"
GED1955-G00,합창의재발견,유지훈
GED1995-G00,Presentation Skills and Practice,여승주
GED1502-G00,SF영화의상상력:미래의평화와윤리,Roger Thompson
GED1801-G00,고전읽기:그리스비극,최재구
GED1819-G00,고전읽기:프로이트,민승기
GED1860-G00,국가폭력과트라우마,임형진
GED1664-G00,그리스신화와철학,김태경
GED1861-G00,글로벌라틴아메리카,송영복
GED1960-G00,기초러시아어,안병용
GED1960-G01,기초러시아어,안지영
GED1959-G00,기초스페인어,임효상
GED1959-G01,기초스페인어,김은희
GED1959-G02,기초스페인어,김은희
GED1959-G03,기초스페인어,최미경
GED1959-G04,기초스페인어,최미경
GED1958-G00,기초일본어도가사키 ,유이치
GED1957-G00,기초중국어,배우정
GED1957-G01,기초중국어,이영월
GED1957-G02,기초중국어,이영월
GED1961-G00,기초프랑스어,김기국
GED1961-G01,기초프랑스어,유광주
GED1862-G00,라틴아메리카문학과예술,황수현
GED1965-G00,마녀사냥:그광기의역사,김영진
GED1865-G00,수사학과영작문,Hue Joshua Lee
GED1663-G00,시민생활과법,이환경
GED1993-G00,언어의신비를찾아서,이한규
GED1459-G00,여성학개론,정재원
GED1665-G00,영화로읽는도시인문학:환동해도시와문화지리,신진숙
GED1666-G00,유럽문화와도시문명,이병수
GED1908-G00,초급일본어,Teshima Takahiro
GED1909-G00,초급중국어,김희성
GED1873-G00,하이쿠의세계,김활란
GED1876-G00,한자의이해,노상균
GED1541-G00,고급 미분적분학,최진혁
GED1202-G00,고양이의물리학:자연계의숨은법칙,손종역
GED1202-G01,고양이의물리학:자연계의숨은법,칙김성
GED1408-G00,공학과경영,김명섭
GED1408-G01,공학과경영,김명섭
GED1504-G00,공학과윤리,예철해
GED1539-G00,공학기초수학,배재형
GED1540-G00,기초 미분적분학,최진혁
GED1206-G00,동양사상과과학기술,전흥신
GED1108-G00,생명과학의미래,정인식
GED1544-G00,생명의언어,홍정우
GED1215-G00,원자의춤,이영식
GED1217-G00,인간과생활속의로봇,이승관
GED1217-G01,인간과생활속의로봇,이승관
GED1542-G00,인공지능과예술,정태충
GED1991-G00,코딩하는아티스트,서덕영
GED1223-G00,특허와지적재산권,공경식
GED1223-G01,특허와지적재산권,윤권순
GED1537-G00,프로그래밍입문,이승관
GED1501-G00,On Justice,홍기준
GED1962-G00,관계를읽는시간,"김연숙, 배재형, 진은진"
GED1466-G00,기술혁신과전략의융합,김명섭
GED1508-G00,동아시아문명론,오일환
GED1508-G01,동아시아문명론,오일환
GED1509-G00,동아시아의서양문명수용론,이준태
GED1511-G00,두얼굴의인류사:전쟁과평화,유재명
GED1987-G00,문명감염그리고진화,김영진
GED1467-G00,문학과돈,유재명
GED1419-G00,법 질서 국가,Brian Daniel Arundel
GED1419-G01,법 질서 국가,이환경
GED1465-G00,스토리와젠더,조현준
GED1517-G00,십자가와초승달:기독교와이슬람,신은희
GED1432-G00,예술을통한공동체만들기,김동언
GED1435-G00,정치학적사유의원리,임형진
GED1528-G00,평화와갈등,주재우
GED1437-G00,한국사회의정치적이슈들,김민전
GED1440-G00,행복이란무엇인가,박대진
GED1301-G00,가면의축제:동서양연희의문명사,김동언
GED1353-G00,고전과여성,유재명
GED1305-G00,공감의인류학:감정이입과의인화,곽봉재
GED1306-G00,과학예술문화의만남,"최정우, 윤민희"
GED1631-G00,다이나믹한국근현대사,허동현
GED1358-G00,명작에취하다:예술 감상법,김부용
GED1609-G00,문화유산과역사지리,오일환
GED1609-G01,문화유산과역사지리,오일환
GED1311-G00,미디어아트와문화,백수희
GED1337-G00,불교와정신분석학,신은희
GED1650-G00,삼국지인문학,민관동
GED1657-G00,여행을통한인간의삶의가치증진,윤병국
GED1621-G00,영토의경계와흔적:이민 이주 이동,Brown Hyon Chol
GED1656-G00,영화로보는스포츠문화,박경혜
GED1349-G00,영화와문학,김활란
GED1363-G00,음식과문화:글로벌&로컬트렌드와이슈,Cynthia SohYoung Yoo
GED1325-G00,인문학과문화콘텐츠,김기국
GED1660-G00,일상의공연학,이영란
GED1357-G00,작곡의밑그림:화성학,전은진
GED1362-G00,짝짓기의진화심리학,전중환
GED1626-G00,한국근현대사의이해,허동현
GED1628-G00,황하와장강:중국역사의발자취,이준태
GED1721-G00,빅데이터와스포츠산업,한진욱
GED1710-G00,예측하는미래:통계와확률,배재형
GED1248-G00,큰맥락에서사고하기:시스템다이나믹스,박명진
GED1717-G00,프로그래밍을통한논리적사유연습,이승관
GED1717-G01,프로그래밍을통한논리적사유연습,이호진
GED1717-G02,프로그래밍을통한논리적사유연습,채옥삼
GED1717-G03,프로그래밍을통한논리적사유연습,이승관
GED1136-G00,동의보감을통한몸과마음의이,해강희
GED1103-G00,마음의탄생:뇌 의식 마음,맹성호
GED1104-G00,몸과생명,홍정우
GED1105-G00,몸의발견,홍정우
GED1208-G00,불편한진실:기후변화,이소영
GED1113-G00,스마트식생활과건강,조윤희
GED1113-G01,스마트식생활과건강,김지혜
GED1135-G00,스포츠경쟁력과자기계발,김도균
GED1212-G00,아이디어에서제품까지,오환섭
GED1240-G00,우주:별을잊은그대에게,장민환
GED1240-G01,우주:별을잊은그대에게,장민환
GED1242-G00,인류역사를바꾼첨단재료,송기국
GED1123-G00,인체와생,명강희
GED1984-G00,좋은에너지나쁜에너지다른에너지,박명진
GED1119-G00,진화와인간본성,전중환
GED1119-G01,진화와인간본성,전중환
GED1966-G00,질병의진화적이해:우리는왜아픈걸까,박경모
GED1235-G00,하천문화의이해와르네상스,김정수
GEE1605-G00,농구,이인엽
GEE1608-G00,댄스스포츠(교양),문보라
GEE1613-G00,레크레이션,김지혜
GEE1665-G00,바디컨디셔닝,장덕진
GEE1665-G01,바디컨디셔닝,장덕진
GEE1615-G00,배드민턴,최수연
GEE1670-G00,볼링,이재권
GEE1625-G00,스포츠명가에게배우는재미와감동,김도균
GEE1630-G00,요가,정선영
GEE1630-G01,요가,강신녀
GEE1633-G00,웨이트트레이닝,정건철
GEE1633-G01,웨이트트레이닝,정건철
GEE1668-G00,인공암벽등반,문영재
GEE1667-G00,축구,전문규
GEE1667-G01,축구,전문규
GEE1642-G00,탁구,안문경
GEE1642-G01,탁구,안문경
GEE1644-G00,태권도,이승진
GEE1644-G01,태권도,이승진
GEE1648-G00,테니스,강홍찬
GEE1648-G01,테니스,강홍찬
GEE1652-G00,필라테스,김유진
GEE1657-G00,현대생활과체육,이준희
GEE1657-G01,현대생활과체육,정현철
GEE1669-G00,호신술,박삼일
IPE108-00,4차산업의이해와IOT기술 활용과분석,전종식
IPE102-00,기업윤리와사회적책임,전종식
GEE1344-G00,내손안의소프트웨어,이승형
GEE1344-G01,내손안의소프트웨,어허림
GEE1127-G00,네트워크의미래,유인태
GEE1127-G01,네트워크의미래,이호진
GEE1127-G02,네트워크의미래,김정윤
GEE1343-G00,빅데이터를통한세상바로알기:데이터분석코딩,이성근
GEE1953-G01,새로운생명체:인공지능,안상혁
GEE1954-G01,소프트웨어적사유,이성근
GEE1956-G01,신입생워크숍1:워밍업,오태호
GEE1956-G02,신입생워크숍1:워밍업,배재형
GEE1956-G03,신입생워크숍1:워밍업,진은진
GEE1956-G06,신입생워크숍1:워밍업,최윤희
GEE1345-G00,알기쉬운소프트웨어코딩,이승형
GEE1345-G01,알기쉬운소프트웨어코,딩허림
GEE1193-G00,언어와컴퓨터,안상혁
IPE401-00,지식재산창업,정치화
IPE503-00,창업과기업가정신,김진상
IPE303-00,창업과재무관리,홍진호
GEE1265-G00,한국어1(교양),최윤정
GEE1267-G00,한국어2(교양),최윤정
GEE1960-G00,한국어의이해3,이영월
GEE1961-G00,한국어의이해4,이영월
GEE1332-G00,후마니타스세미나,진은진
GEE1332-G01,후마니타스세미나,오태호
GEE1332-G02,후마니타스세미나,유재명
GEE1332-G03,후마니타스세미나,이승관
GEE1332-G04,후마니타스세미나,예철해
GEE1332-G05,후마니타스세미나,배재형
GEE1332-G06,후마니타스세미나,최윤희
GEE1920-G00,신입생세미나1,이승관
EDU3101-G00,교육과정,김선영
EDU3103-G00,교육방법및교육공학,이재경
EDU2101-G00,교육사회학,김윤정
EDU2101-G01,교육사회학,김윤정
EDU2102-G00,교육심리학,한지수
EDU2102-G01,교육심리학,한지수
EDU2103-G03,교육철학및교육사,정해진
EDU2103-G04,교육철학및교육사,예철해
EDU3104-G00,교육평가,김선영
EDU2104-G00,교육학개론,이재경
EDU4104-G00,교육행정및교육경영,지연정
EDU4104-G01,교육행정및교육경영,지연정
EDU3105-G00,교직실무,남기석
EDU3106-G00,특수교육학개론,윤송하
EDU3106-G01,특수교육학개론,윤송하
EDU2107-G00,학교폭력 예방 및 학생의 이해,김윤정
EDU2107-G01,학교폭력 예방 및 학생의 이해,예철해
EDU4103-G00,학교현장실습,임병노
EDU4103-G01,학교현장실습,임병노
DC304-01,게임,학우탁
RTG106-00,안전및조직관리사례연구,박정록
RTG108-00,조직리더십사례연구,박정록
FSB451-00,식품저장학,백무열
APHY1002-29,물리학및실험1,이은모
OMB320-00,생약독성학1,강세찬
OMB301-00,약용식물학,양덕춘
OMB401-00,졸업논문(한방생명공학전공),강세찬
OMB216-00,미생물대사체학,김연주
OMB310-00,연구연수활동1(한방생명공학),강세찬
OMB213-00,인체대사기능학,강동호
OMB312-00,천연물대사체학실험,백남인
OMB211-00,천연물분자생물학,강세찬
OMB319-00,천연물약리학실험,강동호
OMB412-00,한방생명공학캡스톤디자인,강세찬
OMB204-00,한방유기화학,백남인
GEN303-00,분자생물학II,정용수
GEN301-00,생화학II,부성희
GEN301-01,생화학II,부성희
GEN302-00,유전학I,윤재승
GEN302-01,유전학I,윤재승
GEN401-00,졸업논문(유전생명공학전공),하선화
GEN202-00,미생물학I,황재성
GEN202-01,미생물학I,황재성
GEN203-00,미생물학실험,황재성
GEN203-01,미생물학실험,정대균
GEN203-02,미생물학실험,황재성
GEN305-00,분자생물학I,백광희
GEN305-01,분자생물학I,백광희
GEN306-00,분자생물학실험,백광희
GEN306-02,분자생물학실험,백광희
GEN405-00,생명공학2,노원상
GEN204-00,생화학I,이상원
GEN409-00,생화학기기분석,조만호
GEN307-00,세포배양공학,정인식
GEN403-00,세포생물학2,손영숙
GEN410-00,식물분자생물학,전종성
GEN315-00,연구연수활동1(유전생명공학),하선화
GEN418-00,유전공학종합설계,하선화
GEN324-00,의학유전학,노원상
GEN308-00,인체생리학,정용수
GEN208-00,작물생명공학,하선화
EDU3161-G00,교과논리및논술(식품가공),박승국
BIO103-02,일반생물,김세영
AT301-00,뉴미디어아트,정해현
AT401-00,뉴미디어프로젝트,장지은
NE465-00,열수력학설계,김형대
CSE103-02,객체지향프로그래밍,이대호
IS1001-02,Introduction to Economics I,한준희
GE402-00,졸업논문(글로벌엔지니어링융합),정영훈
GED1820-G00,고전읽기:황순원,오태호
GED1868-G00,언어와문학의이해,이혜란
GED1405-G00,경제학적사유의원리,함선미
GEE1330-G01,글로벌세미나,추현욱
GEE1330-G02,글로벌세미나,이영석
GEE1330-G03,글로벌세미나,전윤한
GEE1330-G04,글로벌세미나,박상희
DC303-01,VFX제작,김상준
DC207-01,사운드디자인,조남준
DC205-01,스토리텔링,우제승
VID2011-01,타이포그래피,박지훈
VID2019-01,편집디자인1,이미나
VID3028-01,브랜드패키지디자인1,박상희
ID3015-01,Space Analysis 1,최유식
ID3014-01,공간디자인1,소병완
CA2006-01,석고기법,최정호
VID2002-01,기초시각디자인,김은정
EE497-00,종합설계(전자공학),김규헌
EE497-01,종합설계(전자공학),김대원
EE497-02,종합설계(전자공학),김동한
EE497-03,종합설계(전자공학),김상혁
EE497-04,종합설계(전자공학),김창우
EE497-05,종합설계(전자공학),서덕영
EE497-06,종합설계(전자공학),송주빈
EE497-07,종합설계(전자공학),유재수
EE497-09,종합설계(전자공학),이계산
EE497-10,종합설계(전자공학),이범선
EE497-11,종합설계(전자공학),이승현
EE497-12,종합설계(전자공학),이종욱
EE497-13,종합설계(전자공학),장익준
EE497-14,종합설계(전자공학),홍상훈
EE497-15,종합설계(전자공학),홍인기
EE321-03,반도체공학,이승현
IS2204-01,Statistics for Social Science,홍원택
CSE103-03,객체지향프로그래밍,최진우
GED1502-G01,SF영화의상상력:미래의평화와윤리,Roger Thompson
GED1223-G02,특허와지적재산권,윤권순
GED1432-G01,예술을통한공동체만들기,김동언
GED1440-G01,행복이란무엇인가,박대진
GED1208-G01,불편한진실:기후변화,이소영
IS3406-00,North Korea and Inter Korean Relations,우승지
GEE1958-G00,한국어의이해1,이숙진
GEE1959-G00,한국어의이해2,이숙진
IS2002-01,International Business,이찬우
SWCON363-01,독립심화학습1(소프트웨어융합학과),배성호
IS3513-00,Capstone Design for International Studies,정하용
IS3520-00,Independent Learning & Research (International Studies),박한규
SPACE493-00,독립심화학습1(우주과학과),이은상
GEE1330-G05,글로벌세미나,안병용
APCH2303-02,분석화학실험,양성익
APCH3301-01,유기분광분석,양성익
GEE1958-G01,한국어의이해1,이숙진
GEE1959-G01,한국어의이해2,이영월
GEE1960-G01,한국어의이해3,이영월
GEE1961-G01,한국어의이해4,이영월
EE368-00,독립심화학습1(전자공학과),정지영
ENV393-00,독립심화학습1(환경학과),유가영
ME312-04,기계요소설계,최동휘
EE368-01,독립심화학습1(전자공학과),김대원
EE368-02,독립심화학습1(전자공학과),김대원
BME314-00,독립심화학습1(생체의공학과),이상민
EE368-03,독립심화학습1(전자공학과),이종욱
GEE1344-G02,내손안의소프트웨어,김범석
GEE1345-G02,알기쉬운소프트웨어코딩,김범석
GED1736-G00,만화로세상보기,한수경
IS2502-00,Culture and Society of Korea,김기호
IS3513-01,Capstone Design for International Studies,홍원택
IE320-00,독립심화학습1(산업경영공학과),진창호
NE446-00,독립심화학습1(원자력공학과),장윤석
EE368-04,독립심화학습1(전자공학과),이승현
CSE495-00,독립심화학습1(컴퓨터공학),전석희