SUBJECT_ID,MAJOR
ELC204-00,"영미어문전공, 영미문화전공"
ELC204-01,"영미어문전공, 영미문화전공"
ELC203-00,"영미어문전공, 영미문화전공"
ELC203-01,"영미어문전공, 영미문화전공"
ELC202-00,"영미어문전공, 영미문화전공"
ELC201-00,"영미어문전공, 영미문화전공"
ELC205-00,"영미어문전공, 영미문화전공"
ELC205-01,"영미어문전공, 영미문화전공"
ELC103-00,"영미어문전공, 영미문화전공"
ELC103-01,"영미어문전공, 영미문화전공"
ELC104-00,"영미어문전공, 영미문화전공"
ELC104-01,"영미어문전공, 영미문화전공"
ELC481-00,"영미어문전공, 영미문화전공"
ELC311-00,"영미어문전공, 영미문화전공"
ELC106-00,"영미어문전공, 영미문화전공"
ELC381-00,"영미어문전공, 영미문화전공"
ELC101-00,"영미어문전공, 영미문화전공"
ELC105-00,"영미어문전공, 영미문화전공"
ELC337-00,"영미어문전공, 영미문화전공"
ELC238-00,"영미어문전공, 영미문화전공"
ELC410-00,"영미어문전공, 영미문화전공"
ELC344-00,"영미어문전공, 영미문화전공"
ELC374-00,"영미어문전공, 영미문화전공"
ELC302-00,"영미어문전공, 영미문화전공"
ELC471-00,"영미어문전공, 영미문화전공"
ELC301-00,"영미어문전공, 영미문화전공"
EDU3121-G00,교직
KO1403-00,한국어학과
KO1402-00,한국어학과
KO3106-00,한국어학과
KO4201-00,한국어학과
KO3202-00,한국어학과
KO1202-00,한국어학과
KO4105-00,한국어학과
KO3102-00,한국어학과
KO3103-00,한국어학과
KO2104-00,한국어학과
KO2105-00,한국어학과
KO1102-00,한국어학과
KO2102-00,한국어학과
KO4304-00,한국어학과
KO2501-00,한국어학과
KO2201-00,한국어학과
KO1101-00,한국어학과
JP251-00,일본어학과
JP231-00,일본어학과
JP374-00,일본어학과
JP475-00,일본어학과
JP273-00,일본어학과
JP113-00,일본어학과
JP113-01,일본어학과
JP481-00,일본어학과
JP411-00,일본어학과
JP331-00,일본어학과
JP213-00,일본어학과
JP233-00,일본어학과
JP476-00,일본어학과
JP272-00,일본어학과
JP211-00,일본어학과
JP211-02,일본어학과
JP111-00,일본어학과
JP111-01,일본어학과
JP111-02,일본어학과
JP378-00,일본어학과
JP380-00,일본어학과
JP313-00,일본어학과
JP232-00,일본어학과
JP271-00,일본어학과
EDU3359-G00,교직
EDU3193-G00,교직
CHI419-00,중국어학과
CHI201-00,중국어학과
CHI201-01,중국어학과
CHI312-00,중국어학과
CHI303-00,중국어학과
CHI303-01,중국어학과
CHI420-00,중국어학과
CHI409-00,중국어학과
CHI315-00,중국어학과
CHI209-00,중국어학과
CHI107-00,중국어학과
CHI107-01,중국어학과
CHI314-00,중국어학과
CHI302-00,중국어학과
CHI415-00,중국어학과
CHI211-00,중국어학과
CHI203-00,중국어학과
CHI203-01,중국어학과
CHI103-00,중국어학과
CHI103-01,중국어학과
CHI103-02,중국어학과
CHI417-00,중국어학과
CHI101-00,중국어학과
CHI105-00,중국어학과
CHI105-01,중국어학과
EDU3195-G00,교직
RU3101-00,러시아어학과
RU3101-01,러시아어학과
RU2202-00,러시아어학과
RU3202-00,러시아어학과
RU2201-00,러시아어학과
RU4102-00,러시아어학과
RU1103-00,러시아어학과
RU1103-01,러시아어학과
RU1103-02,러시아어학과
RU2103-00,러시아어학과
RU2304-00,러시아어학과
RU1101-00,러시아어학과
RU1101-01,러시아어학과
RU1101-02,러시아어학과
RU2101-00,러시아어학과
RU2101-01,러시아어학과
RU1301-00,러시아어학과
RU4402-00,러시아어학과
RU3304-00,러시아어학과
RU4104-00,러시아어학과
RU3301-00,러시아어학과
ESP328-00,스페인어학과
ESP319-00,스페인어학과
ESP334-00,스페인어학과
ESP318-00,스페인어학과
ESP222-00,스페인어학과
ESP101-00,스페인어학과
ESP101-01,스페인어학과
ESP105-00,스페인어학과
ESP105-01,스페인어학과
ESP105-02,스페인어학과
ESP207-00,스페인어학과
ESP207-01,스페인어학과
ESP207-02,스페인어학과
ESP203-00,스페인어학과
ESP309-00,스페인어학과
ESP309-01,스페인어학과
ESP309-02,스페인어학과
ESP213-00,스페인어학과
ESP239-00,스페인어학과
ESP324-00,스페인어학과
ESP333-00,스페인어학과
ESP438-00,스페인어학과
ESP431-00,스페인어학과
ESP118-00,스페인어학과
EDU3357-G00,교직
FR3011-00,프랑스어학과
FR3011-01,프랑스어학과
FR2011-00,프랑스어학과
FR2011-01,프랑스어학과
FR3016-00,프랑스어학과
FR4015-00,프랑스어학과
FR2013-00,프랑스어학과
FR2013-01,프랑스어학과
FR1011-00,프랑스어학과
FR1011-01,프랑스어학과
FR1013-00,프랑스어학과
FR1013-01,프랑스어학과
FR1013-02,프랑스어학과
FR3041-00,프랑스어학과
FR2022-00,프랑스어학과
FR2024-00,프랑스어학과
FR4024-00,프랑스어학과
FR4041-00,프랑스어학과
FR4301-00,프랑스어학과
FR3015-00,프랑스어학과
FR2032-00,프랑스어학과
FR3034-00,프랑스어학과
FR2041-00,프랑스어학과
EDU3198-G00,교직
ELC343-00,"영미어문전공, 영미문화전공"
ELC462-00,"영미어문전공, 영미문화전공"
ELC464-00,"영미어문전공, 영미문화전공"
ELC411-00,"영미어문전공, 영미문화전공"
ELC253-00,"영미어문전공, 영미문화전공"
ELC257-00,"영미어문전공, 영미문화전공"
ELC356-00,"영미어문전공, 영미문화전공"
ELC359-00,"영미어문전공, 영미문화전공"
ELC251-00,"영미어문전공, 영미문화전공"
ENV385-00,"환경학과, 환경공학과"
ENV385-01,"환경학과, 환경공학과"
ENV488-01,"환경학과, 환경공학과"
ENV488-02,"환경학과, 환경공학과"
ENV487-00,"환경학과, 환경공학과"
ENV485-00,"환경학과, 환경공학과"
ENV418-00,"환경학과, 환경공학과"
ENV387-01,"환경학과, 환경공학과"
ENV390-00,"환경학과, 환경공학과"
ENV281-00,"환경학과, 환경공학과"
ENV391-00,"환경학과, 환경공학과"
ENV315-00,"환경학과, 환경공학과"
ENV491-01,"환경학과, 환경공학과"
ENV379-00,"환경학과, 환경공학과"
ENV357-00,"환경학과, 환경공학과"
ENV212-01,"환경학과, 환경공학과"
ENV276-00,"환경학과, 환경공학과"
ENV461-00,"환경학과, 환경공학과"
ENV389-00,"환경학과, 환경공학과"
ENV274-00,"환경학과, 환경공학과"
AE473-00,건축공학과
AE473-01,건축공학과
AE473-02,건축공학과
AE473-03,건축공학과
AE351-00,건축공학과
AE351-01,건축공학과
AE371-00,건축공학과
AE331-00,건축공학과
AE211-00,건축공학과
AE211-03,건축공학과
AE401-00,건축공학과
AE451-01,건축공학과
AE201-00,건축공학과
AE431-00,건축공학과
AE103-00,건축공학과
AE101-00,건축공학과
AE271-00,건축공학과
AE271-01,건축공학과
AE302-00,건축공학과
AE251-00,건축공학과
AE251-01,건축공학과
AE251-02,건축공학과
AE352-00,건축공학과
AE372-00,건축공학과
AE202-00,건축공학과
AE231-00,건축공학과
AE112-00,건축공학과
ME211-01,기계공학과
ME211-02,기계공학과
ME211-03,기계공학과
ME211-04,기계공학과
ME379-01,기계공학과
ME231-01,기계공학과
ME231-02,기계공학과
ME231-03,기계공학과
ME231-04,기계공학과
ME251-01,기계공학과
ME251-02,기계공학과
ME251-03,기계공학과
ME251-04,기계공학과
ME401-00,기계공학과
ME321-01,기계공학과
ME321-02,기계공학과
ME314-01,기계공학과
ME314-02,기계공학과
ME479-01,기계공학과
ME479-02,기계공학과
ME479-03,기계공학과
ME479-04,기계공학과
ME312-01,기계공학과
ME312-02,기계공학과
ME371-01,기계공학과
ME371-02,기계공학과
ME371-03,기계공학과
ME371-04,기계공학과
ME382-01,기계공학과
ME475-01,기계공학과
ME375-01,기계공학과
ME301-01,기계공학과
ME301-02,기계공학과
ME380-01,기계공학과
ME380-02,기계공학과
ME305-01,기계공학과
ME305-02,기계공학과
ME315-01,기계공학과
ME431-01,기계공학과
ME331-01,기계공학과
ME331-02,기계공학과
ME331-03,기계공학과
ME331-04,기계공학과
ME435-01,기계공학과
ME335-01,기계공학과
ME335-02,기계공학과
ME252-01,기계공학과
ME252-02,기계공학과
ME351-01,기계공학과
ME351-02,기계공학과
ME275-01,기계공학과
ME275-02,기계공학과
ME477-01,기계공학과
ME202-01,기계공학과
ME202-02,기계공학과
ME202-03,기계공학과
ME202-04,기계공학과
ME205-01,기계공학과
ME205-02,기계공학과
ME205-03,기계공학과
CE377-01,사회기반시스템공학과
CE377-02,사회기반시스템공학과
CE275-01,사회기반시스템공학과
CE275-02,사회기반시스템공학과
CE400-00,사회기반시스템공학과
CE378-01,사회기반시스템공학과
CE378-02,사회기반시스템공학과
CE351-01,사회기반시스템공학과
CE351-02,사회기반시스템공학과
CE474-00,사회기반시스템공학과
CE475-00,사회기반시스템공학과
CE476-00,사회기반시스템공학과
CE485-01,사회기반시스템공학과
CE485-02,사회기반시스템공학과
CE485-03,사회기반시스템공학과
CE473-00,사회기반시스템공학과
CE273-00,사회기반시스템공학과
CE301-01,사회기반시스템공학과
CE375-01,사회기반시스템공학과
CE379-00,사회기반시스템공학과
CE277-01,사회기반시스템공학과
CE277-02,사회기반시스템공학과
CE251-01,사회기반시스템공학과
CE472-01,사회기반시스템공학과
CE202-01,사회기반시스템공학과
CE202-02,사회기반시스템공학과
CE100-00,사회기반시스템공학과
CHE332-01,화학공학과
CHE332-02,화학공학과
CHE433-00,화학공학과
CHE232-01,화학공학과
CHE232-02,화학공학과
CHE232-03,화학공학과
CHE232-04,화학공학과
CHE232-05,화학공학과
CHE331-01,화학공학과
CHE331-02,화학공학과
CHE431-01,화학공학과
CHE431-02,화학공학과
CHE431-03,화학공학과
CHE431-04,화학공학과
CHE431-05,화학공학과
CHE355-00,화학공학과
CHE453-00,화학공학과
CHE453-01,화학공학과
CHE257-01,화학공학과
CHE257-02,화학공학과
CHE477-00,화학공학과
CHE252-01,화학공학과
CHE252-02,화학공학과
CHE351-01,화학공학과
CHE351-02,화학공학과
CHE452-00,화학공학과
CHE353-01,화학공학과
CHE353-02,화학공학과
CHE251-01,화학공학과
CHE251-02,화학공학과
CHE363-00,화학공학과
CHE456-00,화학공학과
CHE231-01,화학공학과
CHE231-02,화학공학과
CHE354-00,화학공학과
CHE132-01,화학공학과
CHE132-02,화학공학과
AR271-00,건축학과
AR491-00,건축학과
AR211-01,건축학과
AR211-02,건축학과
AR211-03,건축학과
AR211-04,건축학과
AR211-05,건축학과
AR311-01,건축학과
AR311-02,건축학과
AR311-03,건축학과
AR311-04,건축학과
AR411-01,건축학과
AR411-02,건축학과
AR411-03,건축학과
AR411-04,건축학과
AR511-01,건축학과
AR511-02,건축학과
AR511-03,건축학과
AR511-04,건축학과
AR371-00,건축학과
AR431-01,건축학과
AR431-02,건축학과
AR251-00,건축학과
AR501-00,건축학과
AR455-00,건축학과
AR351-00,건축학과
AR353-00,건축학과
AR352-00,건축학과
AR302-00,건축학과
AR452-00,건축학과
AR161-01,건축학과
AR161-02,건축학과
AR151-00,건축학과
AR111-01,건축학과
AR111-02,건축학과
AR111-03,건축학과
AR111-04,건축학과
AR111-05,건축학과
AR112-01,건축학과
AR112-02,건축학과
AR112-03,건축학과
AR112-04,건축학과
IE301-00,산업경영공학과
IE301-01,산업경영공학과
IE400-00,산업경영공학과
IE423-01,산업경영공학과
IE423-03,산업경영공학과
IE410-00,산업경영공학과
IE315-00,산업경영공학과
IE315-01,산업경영공학과
IE324-01,산업경영공학과
IE201-00,산업경영공학과
IE414-00,산업경영공학과
IE415-00,산업경영공학과
IE306-00,산업경영공학과
IE306-01,산업경영공학과
IE103-00,산업경영공학과
IE419-00,산업경영공학과
IE411-00,산업경영공학과
IE308-00,산업경영공학과
IE214-00,산업경영공학과
IE407-00,산업경영공학과
IE203-00,산업경영공학과
IE203-01,산업경영공학과
IE207-00,산업경영공학과
IE207-01,산업경영공학과
AMIE251-00,정보전자신소재공학과
AMIE396-01,정보전자신소재공학과
AMIE396-02,정보전자신소재공학과
AMIE396-03,정보전자신소재공학과
AMIE396-04,정보전자신소재공학과
AMIE261-00,정보전자신소재공학과
AMIE220-01,정보전자신소재공학과
AMIE220-02,정보전자신소재공학과
AMIE400-00,정보전자신소재공학과
AMIE394-01,정보전자신소재공학과
AMIE394-02,정보전자신소재공학과
AMIE394-03,정보전자신소재공학과
AMIE394-04,정보전자신소재공학과
AMIE352-00,정보전자신소재공학과
AMIE461-00,정보전자신소재공학과
AMIE361-00,정보전자신소재공학과
AMIE471-00,정보전자신소재공학과
AMIE321-00,정보전자신소재공학과
AMIE331-01,정보전자신소재공학과
AMIE331-02,정보전자신소재공학과
AMIE441-00,정보전자신소재공학과
AMIE271-00,정보전자신소재공학과
AMIE371-00,정보전자신소재공학과
AMIE431-00,정보전자신소재공학과
AMIE475-00,정보전자신소재공학과
AMIE202-01,정보전자신소재공학과
AMIE202-02,정보전자신소재공학과
AMIE201-00,정보전자신소재공학과
NE441-00,원자력공학과
NE351-00,원자력공학과
NE359-00,원자력공학과
NE311-00,원자력공학과
NE201-00,원자력공학과
NE402-00,원자력공학과
NE203-00,원자력공학과
NE354-00,원자력공학과
NE412-00,원자력공학과
NE413-00,원자력공학과
NE303-00,원자력공학과
NE221-00,원자력공학과
NE321-00,원자력공학과
NE361-00,원자력공학과
NE443-00,원자력공학과
NE202-00,원자력공학과
NE202-01,원자력공학과
NE205-00,원자력공학과
NE103-00,원자력공학과
EE212-00,전자과
EE207-00,전자과
EE207-01,전자과
EE207-02,전자과
EE207-03,전자과
EE209-00,전자과
EE209-01,전자과
EE209-02,전자과
EE209-03,전자과
EE209-04,전자과
EE209-05,전자과
EE203-00,전자과
EE203-01,전자과
EE210-00,전자과
EE210-01,전자과
EE210-02,전자과
EE210-03,전자과
EE201-00,전자과
EE201-01,전자과
EE201-02,전자과
EE201-03,전자과
EE201-04,전자과
EE206-00,전자과
EE206-01,전자과
EE206-02,전자과
EE206-03,전자과
EE486-00,전자과
EE202-00,전자과
EE202-01,전자과
EE202-02,전자과
EE202-03,전자과
EE202-04,전자과
EE202-05,전자과
EE343-00,전자과
EE463-00,전자과
EE421-00,전자과
EE342-00,전자과
EE342-01,전자과
EE341-00,전자과
EE341-01,전자과
EE341-02,전자과
EE361-00,전자과
EE361-01,전자과
EE362-00,전자과
EE362-01,전자과
EE364-00,전자과
EE443-00,전자과
EE321-00,전자과
EE321-01,전자과
EE321-02,전자과
EE496-00,전자과
EE370-01,전자과
EE422-00,전자과
EE444-00,전자과
EE442-00,전자과
EE363-00,전자과
EE324-00,전자과
EE213-00,전자과
EE213-01,전자과
EE211-00,전자과
EE211-01,전자과
EE211-02,전자과
EE211-03,전자과
EE211-04,전자과
EE211-05,전자과
BME316-00,생체의공학과
BME211-00,생체의공학과
BME203-00,생체의공학과
BME411-00,생체의공학과
BME412-02,생체의공학과
BME412-03,생체의공학과
BME412-04,생체의공학과
BME412-05,생체의공학과
BME412-06,생체의공학과
BME412-07,생체의공학과
BME415-00,생체의공학과
BME409-00,생체의공학과
BME406-00,생체의공학과
BME303-00,생체의공학과
BME304-00,생체의공학과
BME304-01,생체의공학과
BME416-00,생체의공학과
BME403-00,생체의공학과
BME305-00,생체의공학과
BME204-00,생체의공학과
BME213-00,생체의공학과
BME213-01,생체의공학과
BIO104-00,"생체의공학과, 식품생명공학과, 원예생명공학과, 유전공학과"
PAM330-00,식물환경신소재공학과
PAM401-00,식물환경신소재공학과
PAM332-00,식물환경신소재공학과
PAM329-00,식물환경신소재공학과
PAM215-00,식물환경신소재공학과
PAM207-00,식물환경신소재공학과
PAM311-00,식물환경신소재공학과
PAM408-00,식물환경신소재공학과
PAM411-00,식물환경신소재공학과
PAM208-00,식물환경신소재공학과
PAM320-00,식물환경신소재공학과
HBT301-00,원예생명공학과
HBT302-00,원예생명공학과
HBT401-00,원예생명공학과
HBT209-00,원예생명공학과
HBT202-00,원예생명공학과
HBT206-00,원예생명공학과
HBT310-00,원예생명공학과
HBT325-00,원예생명공학과
HBT314-00,원예생명공학과
HBT406-00,원예생명공학과
HBT408-00,원예생명공학과
HBT329-00,원예생명공학과
EDU3186-G00,교직
FSB231-00,식품생명공학과
FSB381-00,식품생명공학과
FSB391-00,식품생명공학과
FSB401-00,식품생명공학과
FSB361-00,식품생명공학과
FSB351-02,식품생명공학과
FSB394-00,식품생명공학과
FSB271-00,식품생명공학과
FSB241-00,식품생명공학과
FSB241-01,식품생명공학과
FSB441-00,식품생명공학과
FSB402-00,식품생명공학과
FSB383-00,식품생명공학과
FSB471-00,식품생명공학과
FSB281-00,식품생명공학과
FSB304-00,식품생명공학과
FD101-00,"산업디자인학과, 시각디자인학과, 환경조경디자인학과, 의류디자인학과, 디지털콘텐츠학과"
FD101-01,"산업디자인학과, 시각디자인학과, 환경조경디자인학과, 의류디자인학과, 디지털콘텐츠학과"
FD101-02,"산업디자인학과, 시각디자인학과, 환경조경디자인학과, 의류디자인학과, 디지털콘텐츠학과"
FD101-03,"산업디자인학과, 시각디자인학과, 환경조경디자인학과, 의류디자인학과, 디지털콘텐츠학과"
FD101-04,"산업디자인학과, 시각디자인학과, 환경조경디자인학과, 의류디자인학과, 디지털콘텐츠학과"
FD101-05,"산업디자인학과, 시각디자인학과, 환경조경디자인학과, 의류디자인학과, 디지털콘텐츠학과"
FD105-00,"산업디자인학과, 시각디자인학과, 환경조경디자인학과, 의류디자인학과, 디지털콘텐츠학과"
FD105-01,"산업디자인학과, 시각디자인학과, 환경조경디자인학과, 의류디자인학과, 디지털콘텐츠학과"
FD105-02,"산업디자인학과, 시각디자인학과, 환경조경디자인학과, 의류디자인학과, 디지털콘텐츠학과"
FD105-03,"산업디자인학과, 시각디자인학과, 환경조경디자인학과, 의류디자인학과, 디지털콘텐츠학과"
FD110-00,"산업디자인학과, 시각디자인학과, 환경조경디자인학과, 의류디자인학과, 디지털콘텐츠학과"
FD110-01,"산업디자인학과, 시각디자인학과, 환경조경디자인학과, 의류디자인학과, 디지털콘텐츠학과"
FD110-02,"산업디자인학과, 시각디자인학과, 환경조경디자인학과, 의류디자인학과, 디지털콘텐츠학과"
FD111-00,"산업디자인학과, 시각디자인학과, 환경조경디자인학과, 의류디자인학과, 디지털콘텐츠학과"
FD111-01,"산업디자인학과, 시각디자인학과, 환경조경디자인학과, 의류디자인학과, 디지털콘텐츠학과"
FD111-02,"산업디자인학과, 시각디자인학과, 환경조경디자인학과, 의류디자인학과, 디지털콘텐츠학과"
FD111-03,"산업디자인학과, 시각디자인학과, 환경조경디자인학과, 의류디자인학과, 디지털콘텐츠학과"
FD111-04,"산업디자인학과, 시각디자인학과, 환경조경디자인학과, 의류디자인학과, 디지털콘텐츠학과"
FD103-00,"산업디자인학과, 시각디자인학과, 환경조경디자인학과, 의류디자인학과, 디지털콘텐츠학과"
FD103-01,"산업디자인학과, 시각디자인학과, 환경조경디자인학과, 의류디자인학과, 디지털콘텐츠학과"
FD103-02,"산업디자인학과, 시각디자인학과, 환경조경디자인학과, 의류디자인학과, 디지털콘텐츠학과"
FD103-03,"산업디자인학과, 시각디자인학과, 환경조경디자인학과, 의류디자인학과, 디지털콘텐츠학과"
FD109-00,"산업디자인학과, 시각디자인학과, 환경조경디자인학과, 의류디자인학과, 디지털콘텐츠학과"
FD109-01,"산업디자인학과, 시각디자인학과, 환경조경디자인학과, 의류디자인학과, 디지털콘텐츠학과"
CA2018-00,도예학과
CA3017-00,도예학과
CA4001-00,도예학과
CA4001-01,도예학과
CA4002-00,도예학과
CA4002-01,도예학과
CA3024-00,도예학과
CA2012-00,도예학과
CA3022-00,도예학과
CA2019-00,도예학과
CA2006-00,도예학과
CA3018-00,도예학과
CA3011-00,도예학과
CA4011-00,도예학과
CA2004-00,도예학과
CA1008-00,도예학과
CA1007-00,도예학과
CA1007-01,도예학과
CA1006-00,도예학과
CA1006-01,도예학과
PM2015-00,포스트모던음악학과
PM3016-00,포스트모던음악학과
PM3016-01,포스트모던음악학과
PM2018-00,포스트모던음악학과
PM2018-01,포스트모던음악학과
PM4015-00,포스트모던음악학과
PM3027-00,포스트모던음악학과
PM3027-01,포스트모던음악학과
PM4021-00,포스트모던음악학과
PM4005-00,포스트모던음악학과
PM1005-00,포스트모던음악학과
PM1018-00,포스트모던음악학과
PM3029-00,포스트모던음악학과
PM4020-00,포스트모던음악학과
PM2026-00,포스트모던음악학과
PM1003-00,포스트모던음악학과
PM1003-01,포스트모던음악학과
PM4028-00,포스트모던음악학과
PM2019-00,포스트모던음악학과
PM2019-01,포스트모던음악학과
PM3024-00,포스트모던음악학과
PM1019-00,포스트모던음악학과
PM1019-01,포스트모던음악학과
PM1019-02,포스트모던음악학과
PM1019-03,포스트모던음악학과
PM1019-04,포스트모던음악학과
PM1019-05,포스트모던음악학과
PM1019-06,포스트모던음악학과
PM1019-07,포스트모던음악학과
PM1019-08,포스트모던음악학과
PM1019-09,포스트모던음악학과
PM1019-11,포스트모던음악학과
PM1019-12,포스트모던음악학과
PM1019-13,포스트모던음악학과
PM1019-14,포스트모던음악학과
PM1019-15,포스트모던음악학과
PM1019-18,포스트모던음악학과
PM2023-00,포스트모던음악학과
PM2023-01,포스트모던음악학과
PM2023-02,포스트모던음악학과
PM2023-03,포스트모던음악학과
PM2023-05,포스트모던음악학과
PM2023-07,포스트모던음악학과
PM2023-09,포스트모던음악학과
PM2023-10,포스트모던음악학과
PM2023-11,포스트모던음악학과
PM2023-12,포스트모던음악학과
PM2023-13,포스트모던음악학과
PM2023-14,포스트모던음악학과
PM2023-15,포스트모던음악학과
PM2023-16,포스트모던음악학과
PM2023-18,포스트모던음악학과
PM3022-01,포스트모던음악학과
PM3022-02,포스트모던음악학과
PM3022-03,포스트모던음악학과
PM3022-04,포스트모던음악학과
PM3022-07,포스트모던음악학과
PM3022-10,포스트모던음악학과
PM3022-12,포스트모던음악학과
PM3022-13,포스트모던음악학과
PM3022-14,포스트모던음악학과
PM3022-15,포스트모던음악학과
PM3022-16,포스트모던음악학과
PM3022-17,포스트모던음악학과
PM3022-18,포스트모던음악학과
PM3022-19,포스트모던음악학과
PM4025-00,포스트모던음악학과
PM4025-01,포스트모던음악학과
PM4025-02,포스트모던음악학과
PM4025-03,포스트모던음악학과
PM4025-04,포스트모던음악학과
PM4025-05,포스트모던음악학과
PM4025-06,포스트모던음악학과
PM4025-07,포스트모던음악학과
PM4025-08,포스트모던음악학과
PM4025-10,포스트모던음악학과
PM4025-12,포스트모던음악학과
PM4025-13,포스트모던음악학과
PM4025-14,포스트모던음악학과
PM4025-15,포스트모던음악학과
PM4025-19,포스트모던음악학과
PM3018-00,포스트모던음악학과
PM1016-00,포스트모던음악학과
PM1016-01,포스트모던음악학과
PM1012-00,포스트모던음악학과
PM1012-01,포스트모던음악학과
PM1014-00,포스트모던음악학과
PM1014-01,포스트모던음악학과
FT4077-00,연극영화학과
FT1071-00,연극영화학과
FT2066-00,연극영화학과
FT2011-00,연극영화학과
FT4075-00,연극영화학과
FT4071-00,연극영화학과
FT4057-00,연극영화학과
FT3081-00,연극영화학과
FT3074-00,연극영화학과
FT3082-00,연극영화학과
FT2068-00,연극영화학과
FT3076-00,연극영화학과
FT2023-00,연극영화학과
FT3075-00,연극영화학과
FT3041-00,연극영화학과
FT3043-00,연극영화학과
FT3039-00,연극영화학과
FT4072-00,연극영화학과
FT2069-00,연극영화학과
FT2075-00,연극영화학과
FT3077-00,연극영화학과
FT2070-00,연극영화학과
FT2076-00,연극영화학과
FT4074-00,연극영화학과
FT3047-00,연극영화학과
FT3035-00,연극영화학과
FT1073-00,연극영화학과
FT1003-00,연극영화학과
FT1001-00,연극영화학과
FT1076-00,연극영화학과
FT1075-00,연극영화학과
EDU3342-G00,교직
EDU3166-G00,교직
ID2013-00,산업디자인학과
ID2013-01,산업디자인학과
ID3015-00,산업디자인학과
ID3014-00,산업디자인학과
ID2003-00,산업디자인학과
ID2003-01,산업디자인학과
ID2001-00,산업디자인학과
ID3013-00,산업디자인학과
ID3012-00,산업디자인학과
ID2019-00,산업디자인학과
ID2018-00,산업디자인학과
ID3016-00,산업디자인학과
ID4019-00,산업디자인학과
ID4019-01,산업디자인학과
ID4015-00,산업디자인학과
ID4015-01,산업디자인학과
ID2011-00,산업디자인학과
ID4017-00,산업디자인학과
ID4014-00,산업디자인학과
ID4014-01,산업디자인학과
ID4016-00,산업디자인학과
FD112-00,"산업디자인학과, 시각디자인학과, 환경조경디자인학과, 의류디자인학과, 디지털콘텐츠학과"
LA312-00,환경조경디자인학과
LA312-01,환경조경디자인학과
LA420-00,환경조경디자인학과
LA425-00,환경조경디자인학과
LA326-00,환경조경디자인학과
LA422-00,환경조경디자인학과
LA204-00,환경조경디자인학과
LA314-00,환경조경디자인학과
LA315-00,환경조경디자인학과
LA205-00,환경조경디자인학과
LA316-00,환경조경디자인학과
LA207-00,환경조경디자인학과
LA207-01,환경조경디자인학과
LA209-00,환경조경디자인학과
LA210-00,환경조경디자인학과
LA210-01,환경조경디자인학과
LA319-00,환경조경디자인학과
EDU3184-G01,교직
TC202-00,의류디자인학과
TC202-01,의류디자인학과
TC313-00,의류디자인학과
TC313-01,의류디자인학과
TC205-00,의류디자인학과
TC324-00,의류디자인학과
TC208-00,의류디자인학과
TC427-00,의류디자인학과
TC316-00,의류디자인학과
TC317-00,의류디자인학과
TC209-00,의류디자인학과
TC430-00,의류디자인학과
TC318-00,의류디자인학과
TC319-00,의류디자인학과
TC211-00,의류디자인학과
TC321-00,의류디자인학과
TC433-00,의류디자인학과
TC433-01,의류디자인학과
TC434-00,의류디자인학과
EDU3343-G00,교직
EDU3110-G00,교직
DC305-00,디지털콘텐츠학과
DC201-00,디지털콘텐츠학과
DC201-01,디지털콘텐츠학과
DC301-00,디지털콘텐츠학과
DC303-00,디지털콘텐츠학과
DC332-00,디지털콘텐츠학과
DC404-00,디지털콘텐츠학과
DC304-00,디지털콘텐츠학과
DC302-00,디지털콘텐츠학과
DC402-00,디지털콘텐츠학과
DC202-00,디지털콘텐츠학과
DC207-00,디지털콘텐츠학과
DC205-00,디지털콘텐츠학과
DC401-00,디지털콘텐츠학과
DC403-00,디지털콘텐츠학과
DC213-00,디지털콘텐츠학과
DC204-00,디지털콘텐츠학과
DC216-00,디지털콘텐츠학과
VID3009-00,시각디자인학과
VID3009-01,시각디자인학과
VID2008-00,시각디자인학과
VID2008-01,시각디자인학과
VID2011-00,시각디자인학과
VID2019-00,시각디자인학과
VID3001-00,시각디자인학과
VID3003-00,시각디자인학과
VID4018-00,시각디자인학과
VID4018-01,시각디자인학과
VID2002-00,시각디자인학과
VID2003-00,시각디자인학과
VID4025-00,시각디자인학과
VID2018-00,시각디자인학과
VID3020-00,시각디자인학과
VID3011-00,시각디자인학과
VID3028-00,시각디자인학과
VID4023-00,시각디자인학과
VID4020-00,시각디자인학과
VID2007-00,시각디자인학과
VID2007-01,시각디자인학과
VID3015-00,시각디자인학과
VID4022-00,시각디자인학과
VID4022-01,시각디자인학과
FD111-05,"산업디자인학과, 시각디자인학과, 환경조경디자인학과, 의류디자인학과, 디지털콘텐츠학과"
CPE201-01,체육학과
CPE201-02,체육학과
CPE201-03,체육학과
CPE201-04,체육학과
CPE201-05,체육학과
CPE201-06,체육학과
CPE201-07,체육학과
CPE201-08,체육학과
CPE201-09,체육학과
CPE201-10,체육학과
CPE201-11,체육학과
CPE201-12,체육학과
CPE201-13,체육학과
CPE201-14,체육학과
CPE201-15,체육학과
CPE201-16,체육학과
CPE301-01,체육학과
CPE301-02,체육학과
CPE301-03,체육학과
CPE301-04,체육학과
CPE301-05,체육학과
CPE301-06,체육학과
CPE301-07,체육학과
CPE301-08,체육학과
CPE301-09,체육학과
CPE301-10,체육학과
CPE301-11,체육학과
CPE301-12,체육학과
CPE301-13,체육학과
CPE301-14,체육학과
CPE301-15,체육학과
CPE301-16,체육학과
CPE401-01,체육학과
CPE401-02,체육학과
CPE401-03,체육학과
CPE401-04,체육학과
CPE401-05,체육학과
CPE401-06,체육학과
CPE401-07,체육학과
CPE401-08,체육학과
CPE401-09,체육학과
CPE401-10,체육학과
CPE401-11,체육학과
CPE401-12,체육학과
CPE401-13,체육학과
CPE401-14,체육학과
CPE401-15,체육학과
CPE401-16,체육학과
CPE103-00,체육학과
CPE103-01,체육학과
CPE103-02,체육학과
CPE103-03,체육학과
CPE101-00,체육학과
CPE101-01,체육학과
CPE101-02,체육학과
CPE101-03,체육학과
CPE101-04,체육학과
CPE101-05,체육학과
CPE101-06,체육학과
CPE101-07,체육학과
CPE101-08,체육학과
CPE101-09,체육학과
CPE101-10,체육학과
CPE104-01,체육학과
CPE104-02,체육학과
CPE104-03,체육학과
CPE104-04,체육학과
CPE104-05,체육학과
CPE104-06,체육학과
CPE108-00,체육학과
CPE108-01,체육학과
CPE108-02,체육학과
CPE108-03,체육학과
CPE108-04,체육학과
TK401-01,태권도학과
TK101-01,태권도학과
TK101-02,태권도학과
TK201-01,태권도학과
TK201-02,태권도학과
TK301-01,태권도학과
TK301-02,태권도학과
TK314-00,태권도학과
TK203-01,태권도학과
TK203-02,태권도학과
TK306-01,태권도학과
TK306-02,태권도학과
TK408-01,태권도학과
TK211-01,태권도학과
TK211-02,태권도학과
TK307-01,태권도학과
TK307-02,태권도학과
TK105-00,태권도학과
TK105-01,태권도학과
TK308-01,태권도학과
TK308-02,태권도학과
TK102-01,태권도학과
TK102-02,태권도학과
TK204-01,태권도학과
TK204-02,태권도학과
TK210-01,태권도학과
TK210-02,태권도학과
TK311-01,태권도학과
TK311-02,태권도학과
TK403-01,태권도학과
TK403-02,태권도학과
TK310-01,태권도학과
TK310-02,태권도학과
TK104-01,태권도학과
TK207-01,태권도학과
TK207-02,태권도학과
PE216-00,체육학과
PE301-01,체육학과
PE400-00,체육학과
PE101-00,체육학과
PE203-01,체육학과
PE313-00,체육학과
PE205-01,체육학과
PE302-01,체육학과
PE102-01,체육학과
PE218-00,체육학과
PE306-01,체육학과
PE211-01,체육학과
PE217-00,체육학과
PE107-01,체육학과
PE107-02,체육학과
PE201-01,체육학과
PE106-01,체육학과
PE307-01,체육학과
PE403-00,체육학과
PE213-01,체육학과
PE308-01,체육학과
PE105-01,체육학과
EDU3345-G00,교직
EDU3171-G00,교직
SM208-01,스포츠의학과
SM102-00,스포츠의학과
SM201-01,스포츠의학과
SM424-00,스포츠의학과
SM331-00,스포츠의학과
SM333-00,스포츠의학과
SM327-00,스포츠의학과
SM327-02,스포츠의학과
SM327-03,스포츠의학과
SM207-00,스포츠의학과
SM321-00,스포츠의학과
SM312-00,스포츠의학과
SM426-00,스포츠의학과
SM332-00,스포츠의학과
SM2011-00,스포츠의학과
SM320-00,스포츠의학과
SM209-00,스포츠의학과
SM301-00,스포츠의학과
SM420-00,스포츠의학과
SM328-00,스포츠의학과
SM316-01,스포츠의학과
SM425-00,스포츠의학과
SC108-01,스포츠지도학과
SC303-01,스포츠지도학과
SC303-02,스포츠지도학과
SC107-00,스포츠지도학과
SC107-01,스포츠지도학과
SC400-01,스포츠지도학과
SC308-01,스포츠지도학과
SC308-02,스포츠지도학과
SC101-01,스포츠지도학과
SC201-01,스포츠지도학과
SC301-01,스포츠지도학과
SC402-01,스포츠지도학과
SC311-00,스포츠지도학과
SC206-01,스포츠지도학과
SC317-00,스포츠지도학과
SC310-00,스포츠지도학과
SC202-01,스포츠지도학과
SC2010-00,스포츠지도학과
SC312-00,스포츠지도학과
SC409-00,스포츠지도학과
SC403-01,스포츠지도학과
SC305-01,스포츠지도학과
SC209-00,스포츠지도학과
SC209-01,스포츠지도학과
SC404-01,스포츠지도학과
SC404-02,스포츠지도학과
SC103-01,스포츠지도학과
SC410-00,스포츠지도학과
SC204-01,스포츠지도학과
SC105-01,스포츠지도학과
GI405-01,골프산업학과
GI105-01,골프산업학과
GI303-01,골프산업학과
GI400-01,골프산업학과
GI102-01,골프산업학과
GI201-02,골프산업학과
GI411-00,골프산업학과
GI103-01,골프산업학과
GI204-01,골프산업학과
GI302-01,골프산업학과
GI404-01,골프산업학과
GI315-00,골프산업학과
GI308-00,골프산업학과
GI205-01,골프산업학과
GI306-01,골프산업학과
GI408-00,골프산업학과
SPACE303-01,우주과학과
SPACE471-00,우주과학과
SPACE301-00,우주과학과
SPACE203-00,우주과학과
SPACE231-00,우주과학과
SPACE371-00,우주과학과
SPACE312-01,우주과학과
SPACE411-00,우주과학과
SPACE212-00,우주과학과
SPACE221-00,우주과학과
SPACE322-00,우주과학과
SPACE424-00,우주과학과
SPACE201-00,우주과학과
SPACE412-00,우주과학과
SPACE211-00,우주과학과
APCH3401-00,응용화학과
APCH3401-01,응용화학과
APCH2303-00,응용화학과
APCH2303-01,응용화학과
APCH4600-00,응용화학과
APCH2104-00,응용화학과
APCH2201-01,응용화학과
APCH4601-00,응용화학과
APCH4401-00,응용화학과
APCH4607-00,응용화학과
APCH2101-00,응용화학과
APCH2101-01,응용화학과
APCH3101-00,응용화학과
APCH2301-00,응용화학과
APCH2301-01,응용화학과
APCH3501-00,응용화학과
APCH4501-00,응용화학과
APCH3403-00,응용화학과
APCH3403-01,응용화학과
APCH4204-00,응용화학과
APCH3301-00,응용화학과
APCH2202-00,응용화학과
APCH2202-01,응용화학과
APCH3606-00,응용화학과
APCH4105-00,응용화학과
APCH3607-00,응용화학과
APCH3601-00,응용화학과
APCH4603-00,응용화학과
EDU3141-G00,교직
APHY3100-00,응용물리학과
APHY2100-00,응용물리학과
APHY3600-00,응용물리학과
APHY3201-00,응용물리학과
APHY4000-00,응용물리학과
APHY2105-00,응용물리학과
APHY4403-00,응용물리학과
APHY3400-00,응용물리학과
APHY1100-00,응용물리학과
APHY1100-01,응용물리학과
APHY1100-02,응용물리학과
APHY1100-03,응용물리학과
APHY4404-00,응용물리학과
APHY2102-00,응용물리학과
APHY2200-00,응용물리학과
APHY2000-00,응용물리학과
APHY4200-00,응용물리학과
APHY4400-00,응용물리학과
APHY2107-00,응용물리학과
APHY3200-00,응용물리학과
APHY3602-00,응용물리학과
APHY2104-00,응용물리학과
EDU3131-G00,교직
AMTH3003-00,응용수학과
AMTH4012-00,응용수학과
AMTH2010-00,응용수학과
AMTH3013-00,응용수학과
AMTH4017-00,응용수학과
AMTH3029-00,응용수학과
AMTH2004-00,응용수학과
AMTH2004-01,응용수학과
AMTH4007-00,응용수학과
AMTH4010-00,응용수학과
AMTH2006-00,응용수학과
AMTH2014-00,응용수학과
AMTH3025-00,응용수학과
EDU3137-G00,교직
IS2508-00,국제학과
IS2204-00,국제학과
IS4401-00,국제학과
IS2506-00,국제학과
IS2301-00,국제학과
IS4402-00,국제학과
IS3402-00,국제학과
IS2001-00,국제학과
IS2001-01,국제학과
IS3103-00,국제학과
IS2503-00,국제학과
IS2511-00,국제학과
IS2513-00,국제학과
IS2516-00,국제학과
IS2517-00,국제학과
IS2101-00,국제학과
IS4403-00,국제학과
IS4205-00,국제학과
IS2510-00,국제학과
IS2512-00,국제학과
IS2514-00,국제학과
IS2515-00,국제학과
IS2002-00,국제학과
IS4102-00,국제학과
IS3001-00,국제학과
IS3001-01,국제학과
IS3306-00,국제학과
IS2003-00,국제학과
IS2003-01,국제학과
IS2004-00,국제학과
IS2004-01,국제학과
IS3002-00,국제학과
IS3002-01,국제학과
IS3516-00,국제학과
IS3404-00,국제학과
IS4404-00,국제학과
IS3107-00,국제학과
IS2202-00,국제학과
IS2202-01,국제학과
IS2103-00,국제학과
IS2203-00,국제학과
IS2201-00,국제학과
IS3532-00,국제학과
IS2304-00,국제학과
IS2104-00,국제학과
IS2507-00,국제학과
IS1001-00,국제학과
IS1001-01,국제학과
IS1002-00,국제학과
IS1004-00,국제학과
IS1004-01,국제학과
IS1003-00,국제학과
IS1003-01,국제학과
AMTH1009-00,응용수학과
AMTH1009-01,응용수학과
AMTH1009-02,응용수학과
AMTH1009-03,응용수학과
AMTH1009-04,응용수학과
AMTH1009-05,응용수학과
AMTH1009-06,응용수학과
AMTH1009-07,응용수학과
AMTH1009-08,응용수학과
AMTH1009-09,응용수학과
AMTH1009-10,응용수학과
AMTH1009-11,응용수학과
AMTH1009-12,응용수학과
AMTH1009-13,응용수학과
AMTH1009-14,응용수학과
AMTH1009-15,응용수학과
AMTH1009-16,응용수학과
AMTH1009-17,응용수학과
AMTH1009-18,응용수학과
AMTH1009-19,응용수학과
AMTH1002-00,응용수학과
AMTH1002-01,응용수학과
AMTH1002-02,응용수학과
AMTH1002-03,응용수학과
AMTH1002-04,응용수학과
AMTH1002-05,응용수학과
AMTH1002-06,응용수학과
AMTH1002-07,응용수학과
AMTH1002-08,응용수학과
AMTH1002-09,응용수학과
AMTH1002-10,응용수학과
AMTH1002-11,응용수학과
AMTH1002-12,응용수학과
AMTH1002-13,응용수학과
AMTH1002-14,응용수학과
AMTH1002-15,응용수학과
AMTH1002-16,응용수학과
AMTH1002-17,응용수학과
AMTH1004-00,응용수학과
AMTH1004-01,응용수학과
AMTH1004-02,응용수학과
AMTH1004-03,응용수학과
AMTH1004-04,응용수학과
AMTH1004-05,응용수학과
AMTH1004-06,응용수학과
AMTH1004-07,응용수학과
AMTH1004-08,응용수학과
AMTH1004-09,응용수학과
AMTH1004-10,응용수학과
AMTH1004-11,응용수학과
AMTH1004-12,응용수학과
AMTH1005-00,응용수학과
AMTH1005-01,응용수학과
APHY1000-00,응용물리학과
APHY1000-01,응용물리학과
APHY1000-02,응용물리학과
APHY1000-03,응용물리학과
APHY1000-04,응용물리학과
APHY1000-05,응용물리학과
APHY1000-06,응용물리학과
APHY1000-07,응용물리학과
APHY1000-08,응용물리학과
APHY1000-09,응용물리학과
APHY1000-10,응용물리학과
APHY1002-02,응용물리학과
APHY1002-05,응용물리학과
APHY1002-06,응용물리학과
APHY1002-07,응용물리학과
APHY1002-08,응용물리학과
APHY1002-09,응용물리학과
APHY1002-10,응용물리학과
APHY1002-11,응용물리학과
APHY1002-12,응용물리학과
APHY1002-13,응용물리학과
APHY1002-14,응용물리학과
APHY1002-15,응용물리학과
APHY1002-16,응용물리학과
APHY1002-17,응용물리학과
APHY1002-18,응용물리학과
APHY1002-19,응용물리학과
APHY1002-20,응용물리학과
APHY1002-21,응용물리학과
APHY1002-22,응용물리학과
APHY1002-23,응용물리학과
APHY1002-24,응용물리학과
APHY1002-25,응용물리학과
APHY1002-26,응용물리학과
APHY1002-27,응용물리학과
APHY1002-28,응용물리학과
APHY1004-00,응용물리학과
APHY1004-01,응용물리학과
APHY1004-02,응용물리학과
APCH1131-00,응용화학과
APCH1131-01,응용화학과
APCH1131-02,응용화학과
APCH1131-03,응용화학과
APCH1121-00,응용화학과
APCH1121-01,응용화학과
APCH1121-02,응용화학과
APCH1121-03,응용화학과
APCH1121-04,응용화학과
APCH1121-05,응용화학과
APCH1121-06,응용화학과
APCH1121-07,응용화학과
APCH1101-00,응용화학과
APCH1101-01,응용화학과
APCH1101-02,응용화학과
APCH1101-03,응용화학과
APCH1101-04,응용화학과
APCH1101-05,응용화학과
APCH1101-06,응용화학과
APCH1101-07,응용화학과
APCH1101-08,응용화학과
APCH1101-09,응용화학과
APCH1101-10,응용화학과
ENV171-00,"환경학과, 환경공학과"
ENV171-01,"환경학과, 환경공학과"
ENV171-02,"환경학과, 환경공학과"
BIO101-00,"생체의공학과, 식품생명공학과, 원예생명공학과, 유전공학과"
BIO101-01,"생체의공학과, 식품생명공학과, 원예생명공학과, 유전공학과"
BIO101-02,"생체의공학과, 식품생명공학과, 원예생명공학과, 유전공학과"
BIO101-03,"생체의공학과, 식품생명공학과, 원예생명공학과, 유전공학과"
BIO101-04,"생체의공학과, 식품생명공학과, 원예생명공학과, 유전공학과"
BIO101-05,"생체의공학과, 식품생명공학과, 원예생명공학과, 유전공학과"
BIO103-00,"생체의공학과, 식품생명공학과, 원예생명공학과, 유전공학과"
BIO103-01,"생체의공학과, 식품생명공학과, 원예생명공학과, 유전공학과"
CDG3277-00,취.창업스쿨
CDG3253-00,취.창업스쿨
CDG3253-01,취.창업스쿨
CDG3279-00,취.창업스쿨
CDG3268-00,취.창업스쿨
CDG0264-00,취.창업스쿨
CDG3260-00,취.창업스쿨
CDG3255-00,취.창업스쿨
CDG3262-00,취.창업스쿨
CDG0267-00,취.창업스쿨
CDG3254-00,취.창업스쿨
CDG0266-00,취.창업스쿨
CDG0268-00,취.창업스쿨
CDG0265-00,취.창업스쿨
CDG3278-00,취.창업스쿨
SWCON253-00,소프트웨어융합학과
SWCON253-01,소프트웨어융합학과
CSE103-01,컴퓨터공학과
CSE305-00,컴퓨터공학과
SWCON103-00,소프트웨어융합학과
SWCON201-00,소프트웨어융합학과
CSE327-00,컴퓨터공학과
SWCON401-00,소프트웨어융합학과
CSE304-01,컴퓨터공학과
CSE304-02,컴퓨터공학과
CSE301-01,컴퓨터공학과
CSE301-02,컴퓨터공학과
SWCON104-00,소프트웨어융합학과
SWCON104-01,소프트웨어융합학과
CSE204-01,컴퓨터공학과
CSE204-02,컴퓨터공학과
SWCON402-00,소프트웨어융합학과
CSE302-01,컴퓨터공학과
CSE302-02,컴퓨터공학과
CSE440-00,컴퓨터공학과
CSE330-00,컴퓨터공학과
SWCON314-00,소프트웨어융합학과
SWCON311-00,소프트웨어융합학과
SWCON367-00,소프트웨어융합학과
SWCON321-00,소프트웨어융합학과
SWCON221-00,소프트웨어융합학과
SWCON366-00,소프트웨어융합학과
SWCON332-00,소프트웨어융합학과
CSE426-00,컴퓨터공학과
SWCON341-00,소프트웨어융합학과
CSE438-00,컴퓨터공학과
CSE335-00,컴퓨터공학과
SWCON254-00,소프트웨어융합학과
CSE201-01,컴퓨터공학과
CSE201-02,컴퓨터공학과
CSE308-00,컴퓨터공학과
CSE305-01,컴퓨터공학과
CSE223-00,컴퓨터공학과
CSE204-03,컴퓨터공학과
CSE406-00,컴퓨터공학과
CSE405-00,컴퓨터공학과
CSE203-01,컴퓨터공학과
CSE203-02,컴퓨터공학과
CSE203-03,컴퓨터공학과
CSE203-04,컴퓨터공학과
CSE302-03,컴퓨터공학과
CSE444-00,컴퓨터공학과
CSE224-00,컴퓨터공학과
CSE331-00,컴퓨터공학과
CSE324-00,컴퓨터공학과
CSE340-00,컴퓨터공학과
CSE433-00,컴퓨터공학과
CSE423-00,컴퓨터공학과
CSE436-00,컴퓨터공학과
CSE428-00,컴퓨터공학과
CSE322-00,컴퓨터공학과
GE4001-00,"글로벌엔지니어링, 글로벌문화기술"
GE2001-00,"글로벌엔지니어링, 글로벌문화기술"
GE3001-00,"글로벌엔지니어링, 글로벌문화기술"
GE2003-00,"글로벌엔지니어링, 글로벌문화기술"
FDA301-00,4D아트
FDA401-00,4D아트
FDA202-00,4D아트
GEC1403-G00,교양
GEC1403-G01,교양
GEC1403-G02,교양
GEC1403-G03,교양
GEC1403-G04,교양
GEC1403-G05,교양
GEC1403-G06,교양
GEC1403-G07,교양
GEC1403-G08,교양
GEC1403-G09,교양
GEC1403-G10,교양
GEC1403-G11,교양
GEC1403-G12,교양
GEC1403-G13,교양
GEC1403-G14,교양
GEC1403-G15,교양
GEC1403-G16,교양
GEC1403-G17,교양
GEC1403-G18,교양
GEC1403-G19,교양
GEC1403-G20,교양
GEC1403-G21,교양
GEC1403-G22,교양
GEC1403-G23,교양
GEC1403-G24,교양
GEC1403-G25,교양
GEC1403-G26,교양
GEC1403-G27,교양
GEC1403-G28,교양
GEC1403-G29,교양
GEC1403-G30,교양
GEC1403-G31,교양
GEC1403-G32,교양
GEC1403-G33,교양
GEC1403-G34,교양
GEC1403-G35,교양
GEC1403-G36,교양
GEC1403-G37,교양
GEC1403-G38,교양
GEC1403-G39,교양
GEC1105-G00,교양
GEC1105-G01,교양
GEC1105-G02,교양
GEC1105-G03,교양
GEC1105-G04,교양
GEC1105-G05,교양
GEC1105-G06,교양
GEC1105-G07,교양
GEC1105-G08,교양
GEC1105-G09,교양
GEC1105-G10,교양
GEC1105-G11,교양
GEC1105-G12,교양
GEC1105-G13,교양
GEC1105-G14,교양
GEC1105-G15,교양
GEC1105-G16,교양
GEC1105-G17,교양
GEC1105-G18,교양
GEC1105-G19,교양
GEC1105-G20,교양
GEC1105-G21,교양
GEC1105-G22,교양
GEC1105-G23,교양
GEC1105-G24,교양
GEC1105-G25,교양
GEC1105-G26,교양
GEC1105-G27,교양
GEC1105-G28,교양
GEC1105-G29,교양
GEC1105-G30,교양
GEC1105-G31,교양
GEC1105-G32,교양
GEC1105-G33,교양
GEC1105-G34,교양
GEC1105-G35,교양
GEC1105-G36,교양
GEC1105-G37,교양
GEC1105-G38,교양
GEC1105-G39,교양
GEC1105-G40,교양
GEC1105-G41,교양
GEC1105-G42,교양
GEC1105-G43,교양
GEC1105-G44,교양
GEC1105-G45,교양
GEC1105-G46,교양
GEC1105-G47,교양
GEC1105-G48,교양
GEC1105-G49,교양
GEC1105-G50,교양
GEC1105-G51,교양
GEC2001-G00,교양
GEC2001-G01,교양
GEC2001-G02,교양
GEC2001-G03,교양
GEC2001-G04,교양
GEC2001-G05,교양
GEC2001-G07,교양
GEC2001-G08,교양
GEC2001-G10,교양
GEC2001-G11,교양
GEC2001-G14,교양
GEC2001-G17,교양
GEC2001-G18,교양
GEC2001-G19,교양
GEC2001-G20,교양
GEC2001-G21,교양
GEC2001-G22,교양
GEC2001-G23,교양
GEC2001-G24,교양
GEC2001-G25,교양
GEC2001-G26,교양
GEC2001-G27,교양
GEC2001-G28,교양
GEC2001-G29,교양
GEC2001-G30,교양
GEC2001-G31,교양
GEC2001-G32,교양
GEC2001-G33,교양
GEC2001-G34,교양
GEC2001-G35,교양
GEC2001-G36,교양
GEC2001-G37,교양
GEC2001-G38,교양
GEC2001-G39,교양
GEC2001-G40,교양
GEC2001-G41,교양
GEC0103-G00,교양
GEC0103-G01,교양
GEC0103-G02,교양
GEC0103-G03,교양
GEC0103-G04,교양
GEC0103-G05,교양
GEC0103-G06,교양
GEC0103-G07,교양
GEC0103-G08,교양
GEC0103-G09,교양
GEC0103-G10,교양
GEC0103-G11,교양
GEC0103-G13,교양
GEC1104-G00,교양
GEC1104-G01,교양
GEC1104-G02,교양
GEC1104-G03,교양
GEC1104-G04,교양
GEC1104-G05,교양
GEC1104-G06,교양
GEC1104-G07,교양
GEC1104-G08,교양
GEC1104-G09,교양
GEC1104-G10,교양
GEC1104-G11,교양
GEC1104-G12,교양
GEC1104-G13,교양
GEC1104-G14,교양
GEC1104-G15,교양
GEC1104-G16,교양
GEC1104-G17,교양
GEC1104-G18,교양
GEC1104-G19,교양
GEC1104-G20,교양
GEC1104-G21,교양
GEC1104-G22,교양
GEC1104-G23,교양
GEC1104-G24,교양
GEC1104-G25,교양
GEC1104-G26,교양
GEC1104-G27,교양
GEC1104-G28,교양
GEC1104-G29,교양
GEC1104-G30,교양
GEC1104-G31,교양
GEC1104-G32,교양
GEC1104-G33,교양
GEC1104-G34,교양
GEC1104-G35,교양
GEC1104-G37,교양
GEC1104-G38,교양
GEC1104-G39,교양
GEC1104-G41,교양
GEC1104-G42,교양
GEC1104-G43,교양
GEC1104-G44,교양
GEC1104-G45,교양
GEC1101-G00,교양
GEC1101-G01,교양
GEC1101-G02,교양
GEC1102-G00,교양
GEC1102-G01,교양
GEC1102-G02,교양
GEC1102-G03,교양
GEC1102-G04,교양
GEC1102-G05,교양
GEC1102-G06,교양
GEC1102-G07,교양
GEC1102-G08,교양
GEC1102-G09,교양
GEC1102-G10,교양
GEC1102-G11,교양
GEC1102-G12,교양
GEC1102-G13,교양
GEC1102-G14,교양
GEC1102-G15,교양
GEC1102-G16,교양
GEC1102-G17,교양
GEC1102-G18,교양
GEC1102-G19,교양
GEC1102-G20,교양
GEC1102-G21,교양
GEC1102-G22,교양
GEC1102-G23,교양
GEC1102-G24,교양
GEC1102-G25,교양
GEC1102-G26,교양
GEC1102-G27,교양
GEC1102-G28,교양
GEC1102-G29,교양
GEC1102-G30,교양
GEC1102-G31,교양
GEC1102-G32,교양
GEC1102-G33,교양
GEC1102-G34,교양
GEC1102-G35,교양
GEC1102-G36,교양
GEC1102-G37,교양
GEC1102-G38,교양
GEC1102-G39,교양
GEC1102-G40,교양
GEC1102-G41,교양
GEC1102-G42,교양
GEC1102-G43,교양
GEC1102-G44,교양
GEC1102-G45,교양
GEC1102-G46,교양
GEC1102-G47,교양
GEC1102-G48,교양
GEC1102-G49,교양
GEC1102-G50,교양
GEC1102-G51,교양
GEC1102-G52,교양
GEC1102-G53,교양
GEC1102-G54,교양
GEB1201-G00,교양
GEB1202-G00,교양
GEB1202-G04,교양
GEB1202-G05,교양
GEB1202-G06,교양
GEB1101-G01,교양
GEB1101-G02,교양
GEB1102-G00,교양
GEB1102-G01,교양
GEB1102-G02,교양
GEB1102-G03,교양
GEB1102-G04,교양
GEB1102-G05,교양
GEB1102-G06,교양
GEB1102-G07,교양
GEB1102-G08,교양
GEB1301-G00,교양
GEB1301-G01,교양
GED1989-G00,교양
GED1356-G00,교양
GED1356-G01,교양
GED1735-G00,교양
GED1737-G00,교양
GED1733-G00,교양
GED1929-G00,교양
GED1738-G00,교양
GED1734-G00,교양
GED1940-G00,교양
GED1739-G00,교양
GED1329-G00,교양
GED1945-G00,교양
GED1945-G01,교양
GED1947-G00,교양
GED1947-G01,교양
GED1951-G00,교양
GED1955-G00,교양
GED1995-G00,교양
GED1502-G00,교양
GED1801-G00,교양
GED1819-G00,교양
GED1860-G00,교양
GED1664-G00,교양
GED1861-G00,교양
GED1960-G00,교양
GED1960-G01,교양
GED1959-G00,교양
GED1959-G01,교양
GED1959-G02,교양
GED1959-G03,교양
GED1959-G04,교양
GED1958-G00,교양
GED1957-G00,교양
GED1957-G01,교양
GED1957-G02,교양
GED1961-G00,교양
GED1961-G01,교양
GED1862-G00,교양
GED1965-G00,교양
GED1865-G00,교양
GED1663-G00,교양
GED1993-G00,교양
GED1459-G00,교양
GED1665-G00,교양
GED1666-G00,교양
GED1908-G00,교양
GED1909-G00,교양
GED1873-G00,교양
GED1876-G00,교양
GED1541-G00,교양
GED1202-G00,교양
GED1202-G01,교양
GED1408-G00,교양
GED1408-G01,교양
GED1504-G00,교양
GED1539-G00,교양
GED1540-G00,교양
GED1206-G00,교양
GED1108-G00,교양
GED1544-G00,교양
GED1215-G00,교양
GED1217-G00,교양
GED1217-G01,교양
GED1542-G00,교양
GED1991-G00,교양
GED1223-G00,교양
GED1223-G01,교양
GED1537-G00,교양
GED1501-G00,교양
GED1962-G00,교양
GED1466-G00,교양
GED1508-G00,교양
GED1508-G01,교양
GED1509-G00,교양
GED1511-G00,교양
GED1987-G00,교양
GED1467-G00,교양
GED1419-G00,교양
GED1419-G01,교양
GED1465-G00,교양
GED1517-G00,교양
GED1432-G00,교양
GED1435-G00,교양
GED1528-G00,교양
GED1437-G00,교양
GED1440-G00,교양
GED1301-G00,교양
GED1353-G00,교양
GED1305-G00,교양
GED1306-G00,교양
GED1631-G00,교양
GED1358-G00,교양
GED1609-G00,교양
GED1609-G01,교양
GED1311-G00,교양
GED1337-G00,교양
GED1650-G00,교양
GED1657-G00,교양
GED1621-G00,교양
GED1656-G00,교양
GED1349-G00,교양
GED1363-G00,교양
GED1325-G00,교양
GED1660-G00,교양
GED1357-G00,교양
GED1362-G00,교양
GED1626-G00,교양
GED1628-G00,교양
GED1721-G00,교양
GED1710-G00,교양
GED1248-G00,교양
GED1717-G00,교양
GED1717-G01,교양
GED1717-G02,교양
GED1717-G03,교양
GED1136-G00,교양
GED1103-G00,교양
GED1104-G00,교양
GED1105-G00,교양
GED1208-G00,교양
GED1113-G00,교양
GED1113-G01,교양
GED1135-G00,교양
GED1212-G00,교양
GED1240-G00,교양
GED1240-G01,교양
GED1242-G00,교양
GED1123-G00,교양
GED1984-G00,교양
GED1119-G00,교양
GED1119-G01,교양
GED1966-G00,교양
GED1235-G00,교양
GEE1605-G00,교양
GEE1608-G00,교양
GEE1613-G00,교양
GEE1665-G00,교양
GEE1665-G01,교양
GEE1615-G00,교양
GEE1670-G00,교양
GEE1625-G00,교양
GEE1630-G00,교양
GEE1630-G01,교양
GEE1633-G00,교양
GEE1633-G01,교양
GEE1668-G00,교양
GEE1667-G00,교양
GEE1667-G01,교양
GEE1642-G00,교양
GEE1642-G01,교양
GEE1644-G00,교양
GEE1644-G01,교양
GEE1648-G00,교양
GEE1648-G01,교양
GEE1652-G00,교양
GEE1657-G00,교양
GEE1657-G01,교양
GEE1669-G00,교양
IPE108-00,교양
IPE102-00,교양
GEE1344-G00,교양
GEE1344-G01,교양
GEE1127-G00,교양
GEE1127-G01,교양
GEE1127-G02,교양
GEE1343-G00,교양
GEE1953-G01,교양
GEE1954-G01,교양
GEE1956-G01,교양
GEE1956-G02,교양
GEE1956-G03,교양
GEE1956-G06,교양
GEE1345-G00,교양
GEE1345-G01,교양
GEE1193-G00,교양
IPE401-00,교양
IPE503-00,교양
IPE303-00,교양
GEE1265-G00,교양
GEE1267-G00,교양
GEE1960-G00,교양
GEE1961-G00,교양
GEE1332-G00,교양
GEE1332-G01,교양
GEE1332-G02,교양
GEE1332-G03,교양
GEE1332-G04,교양
GEE1332-G05,교양
GEE1332-G06,교양
GEE1920-G00,교양
EDU3101-G00,교직
EDU3103-G00,교직
EDU2101-G00,교직
EDU2101-G01,교직
EDU2102-G00,교직
EDU2102-G01,교직
EDU2103-G03,교직
EDU2103-G04,교직
EDU3104-G00,교직
EDU2104-G00,교직
EDU4104-G00,교직
EDU4104-G01,교직
EDU3105-G00,교직
EDU3106-G00,교직
EDU3106-G01,교직
EDU2107-G00,교직
EDU2107-G01,교직
EDU4103-G00,교직
EDU4103-G01,교직
DC304-01,디지털콘텐츠학과
RTG106-00,
RTG108-00,
FSB451-00,식품생명공학과
APHY1002-29,응용물리학과
OMB320-00,한방재료공학과
OMB301-00,한방재료공학과
OMB401-00,한방재료공학과
OMB216-00,한방재료공학과
OMB310-00,한방재료공학과
OMB213-00,한방재료공학과
OMB312-00,한방재료공학과
OMB211-00,한방재료공학과
OMB319-00,한방재료공학과
OMB412-00,한방재료공학과
OMB204-00,한방재료공학과
GEN303-00,유전공학과
GEN301-00,유전공학과
GEN301-01,유전공학과
GEN302-00,유전공학과
GEN302-01,유전공학과
GEN401-00,유전공학과
GEN202-00,유전공학과
GEN202-01,유전공학과
GEN203-00,유전공학과
GEN203-01,유전공학과
GEN203-02,유전공학과
GEN305-00,유전공학과
GEN305-01,유전공학과
GEN306-00,유전공학과
GEN306-02,유전공학과
GEN405-00,유전공학과
GEN204-00,유전공학과
GEN409-00,유전공학과
GEN307-00,유전공학과
GEN403-00,유전공학과
GEN410-00,유전공학과
GEN315-00,유전공학과
GEN418-00,유전공학과
GEN324-00,유전공학과
GEN308-00,유전공학과
GEN208-00,유전공학과
EDU3161-G00,교직
BIO103-02,"생체의공학과, 식품생명공학과, 원예생명공학과, 유전공학과"
AT301-00,아트&테크놀로지
AT401-00,아트&테크놀로지
NE465-00,원자력공학과
CSE103-02,컴퓨터공학과
IS1001-02,국제학과
GE402-00,"글로벌엔지니어링, 글로벌문화기술"
GED1820-G00,교양
GED1868-G00,교양
GED1405-G00,교양
GEE1330-G01,교양
GEE1330-G02,교양
GEE1330-G03,교양
GEE1330-G04,교양
DC303-01,디지털콘텐츠학과
DC207-01,디지털콘텐츠학과
DC205-01,디지털콘텐츠학과
VID2011-01,시각디자인학과
VID2019-01,시각디자인학과
VID3028-01,시각디자인학과
ID3015-01,산업디자인학과
ID3014-01,산업디자인학과
CA2006-01,도예학과
VID2002-01,시각디자인학과
EE497-00,전자과
EE497-01,전자과
EE497-02,전자과
EE497-03,전자과
EE497-04,전자과
EE497-05,전자과
EE497-06,전자과
EE497-07,전자과
EE497-09,전자과
EE497-10,전자과
EE497-11,전자과
EE497-12,전자과
EE497-13,전자과
EE497-14,전자과
EE497-15,전자과
EE321-03,전자과
IS2204-01,국제학과
CSE103-03,컴퓨터공학과
GED1502-G01,교양
GED1223-G02,교양
GED1432-G01,교양
GED1440-G01,교양
GED1208-G01,교양
IS3406-00,국제학과
GEE1958-G00,교양
GEE1959-G00,교양
IS2002-01,국제학과
SWCON363-01,소프트웨어융합학과
IS3513-00,국제학과
IS3520-00,국제학과
SPACE493-00,우주과학과
GEE1330-G05,교양
APCH2303-02,응용화학과
APCH3301-01,응용화학과
GEE1958-G01,교양
GEE1959-G01,교양
GEE1960-G01,교양
GEE1961-G01,교양
EE368-00,전자과
ENV393-00,"환경학과, 환경공학과"
ME312-04,기계공학과
EE368-01,전자과
EE368-02,전자과
BME314-00,생체의공학과
EE368-03,전자과
GEE1344-G02,교양
GEE1345-G02,교양
GED1736-G00,교양
IS2502-00,국제학과
IS3513-01,국제학과
IE320-00,산업경영공학과
NE446-00,원자력공학과
EE368-04,전자과
CSE495-00,컴퓨터공학과